pl_name,hostname,pl_mass_Mearth,pl_radius_Rearth,pl_semimajor_AU,pl_orbper_days,pl_eccentricity,st_mass_Msun,st_radius_Rsun,st_teff_K,st_logL_Lsun,st_age_Gyr,E_total_raw_J,F_total_J,F_internal_J,U_req_pct,U_req_over_Earth
AU Mic c,AU Mic,14.46,2.79,0.119,18.859023,0.18,0.635,0.862,3540.0,-0.97757,0.019,2.1098919583393567e+34,2.8123454414479103e+33,2.9271949513329616e+31,2.6865797507690656,3.7783275293205847
LP 791-18 d,LP 791-18,0.9,1.032,0.01992,2.753436,0.0015,0.139,0.182,2960.0,-2.63827,0.5,1.2213767130058216e+34,7.192459513469089e+33,7.034755676706325e+30,1.0504877088306905,1.477375323904569
TOI-2095 c,TOI-2095,7.4,1.33,0.137,28.17232,0.0,0.44,0.44,3759.0,-1.45892,1.0,2.2020488027678237e+34,7.987738319599262e+33,2.576415554613186e+31,0.9458985776515401,1.3302842154091732
LHS 1140 b,LHS 1140,6.65,1.43,0.0875,24.73712,0.29,0.146,0.186,3131.0,-2.52564,5.0,2.2705850413370717e+34,8.315297587327597e+33,2.477563205312199e+32,0.9086373922054534,1.2778811692290748
TOI-2095 b,TOI-2095,4.1,1.25,0.101,17.66484,0.0,0.44,0.44,3759.0,-1.45892,1.0,2.3781134135748673e+34,1.3313263917632265e+34,1.4274734829613594e+31,0.5675235135356191,0.7981485433717517
LP 791-18 c,LP 791-18,7.16,2.488,0.02961,4.98991,0.0001,0.139,0.182,2960.0,-2.63827,0.5,3.6277952136810037e+34,1.8011463425057882e+34,1.3787104209393832e+31,0.41948786374849295,0.5899555162518808
L 98-59 d,L 98-59,1.94,1.521,0.0486,7.4507245,0.074,0.273,0.303,3415.0,-1.94769,0.8,3.5983853216509536e+34,2.258049219571746e+34,9.782809987882087e+32,0.33460698064830546,0.47058151395819336
AU Mic b,AU Mic,8.99,4.79,0.07,8.463446,0.07,0.635,0.862,3540.0,-0.97757,0.019,4.370963567872378e+34,2.8291229820074865e+34,3.416555208878259e+33,0.2670647533957805,0.3755920923537206
K2-3 d,K2-3,2.2,1.458,0.2014,44.55603,0.091,0.549,0.546,3844.0,-1.23136,6.9,8.351769486045334e+34,5.153274691298147e+34,3.215469822760384e+31,0.14661726315346751,0.20619824946116225
K2-33 b,K2-33,1144.188,5.76,0.0409,5.42513,0.0,0.31,1.1,3410.0,-0.83,0.0075,5.098449169013602e+37,6.160058050027602e+34,3.4844046296660523e+31,0.12265453107422893,0.17249776085039134
TOI-1470 c,TOI-1470,7.24,2.47,0.106,18.08816,0.5,0.471,0.469,3709.0,-1.42481,1.3,1.1752027273216624e+35,7.519894176077601e+34,9.313136544303461e+33,0.10047468938057136,0.1413046773608246
L 98-59 b,L 98-59,0.4,0.85,0.02191,2.2531136,0.103,0.273,0.303,3415.0,-1.94769,0.8,9.343885706152007e+34,7.628750623427291e+34,4.0459469909067746e+34,0.09904099226889163,0.13928836749166243
HD 114082 b,HD 114082,2542.627256,11.2089807,0.5109,109.75,0.395,1.47,1.49,6651.0,0.5832,0.015,1.2926964852839233e+38,8.46908451568054e+34,1.7162916587310546e+32,0.0892137786696123,0.12546766045028698
L 98-59 c,L 98-59,2.22,1.385,0.0304,3.6906777,0.103,0.273,0.303,3415.0,-1.94769,0.8,1.1357116802789978e+35,8.768476686420224e+34,3.976690367951871e+34,0.08616765015596174,0.12118367401077047
TOI-1266 c,TOI-1266,3.17,1.98,0.105,18.8027,0.071,0.437,0.4232,3563.0,-1.58021,4.6,1.6898175853596107e+35,1.035479215992745e+35,2.2563741861392348e+32,0.07296708807349526,0.10261878789324094
LHS 1140 c,LHS 1140,1.91,1.272,0.027,3.77794,0.05,0.1844,0.2159,3096.0,-2.42022,5.0,1.9977565861312308e+35,1.3433242249103747e+35,3.47661958557137e+34,0.05624547056512545,0.07910199195649022
K2-3 c,K2-3,2.68,1.582,0.1357,24.646729,0.048,0.549,0.546,3844.0,-1.23136,6.9,2.1563336490092068e+35,1.383067192715845e+35,4.858492991033495e+31,0.054629235332559596,0.07682896578955312
TOI-4600 c,TOI-4600,2946.269333,9.42,1.152,482.8191,0.21,0.89,0.81,5170.0,-0.37675,2.3,2.0663676029534322e+38,1.86483395197148e+35,1.941022707226337e+34,0.040516155913903035,0.056980741862557
HD 73583 c,HD 73583,22.5,2.73,0.1233,18.8805,0.093,0.702,0.677,4582.0,-0.74425,0.78,3.104427289135424e+35,1.926631561272776e+35,3.360536020080221e+32,0.03921658124488656,0.055153057891162885
TOI-2322 b,TOI-2322,2.31,0.994,0.0924,11.30717,0.0,0.703,0.662,4664.0,-0.74232,3.9,3.196335481908138e+35,2.335035636976294e+35,2.183759705592127e+31,0.03235749465882071,0.04550663825046268
TOI-1136 g,TOI-1136,12.2,2.53,0.23,39.5387,0.0,1.0404,0.9573,5805.0,-0.02687,0.7,3.2353972943604303e+35,2.376664901204395e+35,3.140861898713705e+31,0.03179072620348281,0.04470955159895321
TOI-2093 c,TOI-2093,15.8,2.3,0.257,53.81149,0.0,0.745,0.729,4426.0,-0.73565,6.6,4.032623727765252e+35,2.5556735873681795e+35,2.1409083396846534e+32,0.02956398795412037,0.04157793176680461
TOI-2088 b,TOI-2088,37.0,3.6831179,0.472,124.72997,0.0,0.9027,0.8481,5081.0,-0.36151,4.5,5.482826135581193e+35,3.2424965627082086e+35,3.8499937108647324e+32,0.023301768156235268,0.032770928196472295
Kepler-1654 b,Kepler-1654,158.915,9.180171,2.026,1047.8356,0.26,1.011,1.179,5597.0,0.08991,5.0,1.1103740659763038e+36,3.374713203713708e+35,1.7753181363377455e+33,0.02238883679610784,0.03148700811579644
TOI-2136 b,TOI-2136,15.0,2.09,0.054,7.85191,0.0,0.34,0.335,3366.0,-1.88606,7.5,5.936430635771461e+35,3.539129629259513e+35,2.232705888715523e+32,0.021348724422796832,0.030024224361640997
HD 219134 d,HD 219134,16.17,1.61,0.237,46.859,0.138,0.81,0.778,4699.0,-0.57741,11.0,5.603196459688279e+35,3.667385255654577e+35,3.440602714895951e+32,0.020602117826350585,0.028974218585293702
TOI-2322 c,TOI-2322,18.1,1.874,0.1362,20.225528,0.0,0.703,0.662,4664.0,-0.74232,3.9,5.602353330876449e+35,3.7288213442734906e+35,1.7110844446414503e+32,0.020262677177508345,0.028496839141142104
GJ 3929 b,GJ 3929,1.75,1.09,0.0252,2.616235,0.0,0.313,0.32,3384.0,-1.96257,7.1,5.6500684255058345e+35,3.772735419534074e+35,2.5004679959292936e+31,0.020026822649797014,0.028165140201361318
TOI-776 c,TOI-776,5.3,2.02,0.1,15.6653,0.04,0.544,0.538,3709.0,-1.3098,7.8,6.113579364743574e+35,3.9434519778991815e+35,3.661831960934997e+32,0.01915983853108002,0.02694583898303923
GJ 143 b,GJ 143,22.7,2.61,0.1915,35.61253,0.188,0.73,0.695,4640.0,-0.6862,3.8,6.113208725420567e+35,3.974262016285469e+35,3.882317038843449e+32,0.019011303945740982,0.026736944267487964
TOI-199 b,TOI-199,54.03082919,9.07927437,0.4254,104.854,0.09,0.936,0.82,5255.0,-0.33819,0.8,7.241647852130966e+35,4.630600041149743e+35,1.762784823755513e+32,0.01631665496484047,0.02294726840788337
Kepler-1708 b,Kepler-1708,1462.010672,9.96,1.64,737.1131,0.4,1.088,1.117,6157.0,0.182,3.16,4.8764323908203925e+37,5.067146230679859e+35,1.1823574351303132e+34,0.014910937974150216,0.020970308966110508
HD 260655 c,HD 260655,3.09,1.533,0.04749,5.70588,0.038,0.439,0.439,3803.0,-1.43997,5.0,7.452748764035758e+35,5.1321735531357004e+35,6.5015090537064e+33,0.0147220085933089,0.020704604186445624
TOI-942 c,TOI-942,794.575,5.79,0.0847,10.15643,0.0,0.788,1.022,4928.0,-0.36856,0.09,2.512081452600582e+37,5.406074072568473e+35,2.9653487098658344e+32,0.013976113189976914,0.019655598611384557
HD 224018 d,HD 224018,4.2,2.4,0.53,138.0731,0.04,1.013,1.147,5784.0,0.12385,7.0,7.458073704250155e+35,5.512742686821517e+35,5.940247558494314e+31,0.013705682895781904,0.01927527332045404
TOI-1266 b,TOI-1266,15.9,2.458,0.0745,10.894879,0.0,0.437,0.4232,3573.0,-1.58021,7.9,9.045328903177545e+35,5.624454464192871e+35,2.4625484908834462e+32,0.013433463393228658,0.018892431738989558
HD 35843 c,HD 35843,11.32,2.54,0.25,46.9622,0.153,0.94,0.897,5666.0,-0.12494,2.5,7.65797157031754e+35,5.692223668853474e+35,9.621315927176642e+31,0.013273530266394976,0.018667506446601333
TOI-521 b,TOI-521,5.3,1.98,0.0195,1.54285047,0.0,0.42,0.421,3544.0,-1.5986,0.8,8.133303691572622e+35,5.7955868478401094e+35,1.5304948034531566e+31,0.01303679940190604,0.01833457505229511
HD 235088 b,HD 235088,4.15,1.982,0.0706,7.4341325,0.0,0.849,0.772,5075.0,-0.4437,0.7,7.760677782178737e+35,5.981281971795939e+35,1.0684079409558915e+31,0.012632058396158517,0.017765359087713005
HD 219134 f,HD 219134,7.3,1.31,0.1463,22.717,0.148,0.81,0.778,4699.0,-0.57741,11.0,9.189778240401936e+35,6.567379037474406e+35,2.507982457498974e+32,0.011504727033491388,0.016179913086710282
TOI-1136 e,TOI-1136,24.0,2.5456702,0.14,18.80693,0.0,1.0404,0.9573,5805.0,-0.02687,0.7,8.987193758807265e+35,6.648692914591959e+35,6.1787447187810585e+31,0.011364023594140297,0.015982031866836527
G 9-40 b,G 9-40,11.7,2.025,0.0385,5.746007,0.0,0.29,0.3073,3348.0,-1.97102,9.9,1.1565745460475525e+36,7.252376788551393e+35,2.1923876689075046e+32,0.010418088490781264,0.01465169628273595
TOI-2134 c,TOI-2134,41.89,7.27,0.371,95.5,0.67,0.744,0.709,4580.0,-0.7167,3.8,1.149264363553034e+36,7.313455850073885e+35,3.155903803209786e+33,0.010331080777749295,0.014529331168758668
BD+20 594 b,BD+20 594,16.3,2.23,0.241,41.6855,0.0,0.961,0.928,5766.0,-0.05552,3.34,1.0077095039922649e+36,7.468617626134572e+35,1.3589256061375385e+32,0.010116450852595176,0.014227481891962145
TOI-4438 b,TOI-4438,5.4,2.52,0.0534,7.44628,0.14,0.368,0.372,3422.0,-1.76802,5.1,1.0441731324504948e+36,7.657119879651499e+35,2.8634606108369866e+35,0.009867405021619598,0.01387723108739616
GJ 486 b,GJ 486,3.0,1.343,0.01713,1.4671205,0.0,0.333,0.339,3291.0,-1.9165,4.0,1.1629935249129583e+36,7.989331661497617e+35,2.884650578495254e+31,0.009457099336073043,0.013300189119186016
TOI-260 b,TOI-260,3.3,1.47291596,0.091,13.475815,0.0,0.5485,0.5468,4050.0,-1.13668,15.9,1.1879029418508117e+36,8.110448963591917e+35,8.48188533192479e+32,0.009315871845170284,0.01310157088847017
TOI-776 b,TOI-776,4.0,1.85,0.0652,8.24661,0.06,0.544,0.538,3709.0,-1.3098,7.8,1.211582904311278e+36,8.171237077732472e+35,1.02743456017484e+34,0.009246568473397335,0.01300410464449602
TOI-2537 b,TOI-2537,415.401728,11.25381662,0.3715,94.1022,0.364,0.771,0.771,4870.0,-0.52143,1.1,4.622217601472292e+36,8.213474287664954e+35,3.835014933678645e+33,0.009199018649767585,0.012937231957175574
K2-3 b,K2-3,5.11,2.078,0.0747,10.0546535,0.107,0.549,0.546,3844.0,-1.23136,6.9,1.2435203320289495e+36,8.467104195074567e+35,1.904551157267846e+34,0.00892346443493259,0.012549700533463569
TOI-1136 f,TOI-1136,32.0,3.73591482,0.175,26.317822,0.0,1.0404,0.9573,5805.0,-0.02687,0.7,1.2303135625622464e+36,9.068591821934605e+35,8.238326291708078e+31,0.008331602594447578,0.011717323275792838
TOI-4507 b,TOI-4507,20.0,8.2,0.456,104.61611,0.09,1.11,1.04,6260.0,0.14922,0.7,1.2550016877652315e+36,9.483521013277378e+35,6.138352870182151e+31,0.00796707288841714,0.011204659312195378
TOI-2076 d,TOI-2076,29.0,3.43087751,0.199,35.125686,0.0,0.8557,0.796,5192.0,-0.37779,2.7,1.365796760005646e+36,9.654602978530224e+35,2.1371363359564808e+32,0.00782589437594033,0.011006109963311556
K2-263 b,K2-263,14.8,2.41,0.2573,50.818947,0.14,0.88,0.85,5368.0,-0.25964,7.0,1.3371230804263776e+36,9.711552345350306e+35,2.3033267427774917e+32,0.0077800026674202175,0.010941569200797634
HD 260655 b,HD 260655,2.14,1.24,0.02933,2.76953,0.039,0.439,0.439,3803.0,-1.43997,5.0,1.3532289994370268e+36,9.909319916649822e+35,8.758658127013535e+34,0.007624731443443059,0.010723200272834018
TOI-561 e,TOI-561,12.6,2.55,0.328,77.03,0.079,0.806,0.843,5372.0,-0.27327,11.0,1.3954804418840143e+36,1.0054271298955556e+36,2.6488727615566235e+32,0.007514806484231756,0.010568605011171446
TOI-1824 b,TOI-1824,16.0,2.7438269,0.151,22.808533,0.0,0.8801,0.8123,5165.0,-0.37263,2.5,1.3852224717715472e+36,1.0196071719711873e+36,1.1177485484318116e+32,0.007410295379302369,0.010421623636521623
TOI-4600 b,TOI-4600,959.8417891,6.8,0.349,82.6869,0.25,0.89,0.81,5170.0,-0.37675,2.3,3.1778139705974493e+37,1.025723179772204e+36,6.721553366945872e+33,0.0073661105297821335,0.010359483350802057
HD 63433 c,HD 63433,17.2,2.58229101,0.146,20.543847,0.0,0.9883,0.9169,5634.0,-0.11748,1.5,1.4212314579207718e+36,1.0804855710879538e+36,8.26970222845501e+31,0.006992772987753858,0.009834432303138008
TOI-251 b,TOI-251,317.83,2.74,0.05741,4.93777,0.0,1.036,0.881,5875.0,-0.0804,0.18,9.584375825508608e+36,1.0837776062246186e+36,2.3153062254144295e+32,0.006971532048426279,0.009804559664595622
Kepler-111 c,Kepler-111,222.4798849,7.0840758,0.751,224.77833,0.176,1.118,1.145,5914.0,0.15836,3.4,3.2650229231172404e+36,1.2479931325496966e+36,1.9203437154750947e+33,0.0060541922211745595,0.008514439644129013
PH2 b,PH2,87.08498352,9.33708092,0.833,282.52542,0.215,0.966,0.949,5734.0,-0.05849,4.1,1.937751739335842e+36,1.25496408342662e+36,8.560844863544117e+32,0.006020562990561023,0.008467144473464297
HIP 97166 b,HIP 97166,19.1,2.4801338,0.091,10.288914,0.29,0.9342,0.8418,5216.0,-0.32514,1.2,1.7271510602824183e+36,1.3194575370914825e+36,5.090187787714009e+34,0.005726285312535821,0.008053280916341575
HD 136352 d,HD 136352,8.82,2.562,0.425,107.245,0.0,0.87,1.058,5664.0,0.0162,12.3,1.8154481574472724e+36,1.3394553800632897e+36,2.136664456977265e+32,0.005640792838358408,0.007933046790166173
TOI-1347 c,TOI-1347,9.0,1.67761121,0.0546,4.841968,0.0,0.9279,0.8401,5493.0,-0.23582,0.8,1.72114866285749e+36,1.373762399487701e+36,2.598953439826115e+31,0.00549992510930511,0.007734934518039285
TOI-2443 b,TOI-2443,4.8,2.363,0.105,15.66858,0.301,0.642,0.631,4375.0,-0.86487,7.5,2.0584853876594947e+36,1.4643594702932572e+36,3.5379865445244725e+34,0.005159655445563881,0.00725638917147434
TOI-1685 b,TOI-1685,3.03,1.468,0.01138,0.66913924,0.0,0.454,0.4555,3575.0,-1.51542,1.0,1.980905005993161e+36,1.4937914742038226e+36,1.0549377203348584e+31,0.005057995339803841,0.007113417359036297
TOI-1467 b,TOI-1467,9.0,1.6759955,0.0495,5.97199,0.0,0.4518,0.4565,3776.0,-1.42022,13.4,2.2865023020461262e+36,1.5584960920807504e+36,3.647172156526598e+32,0.004848000808955616,0.006818087165810697
HD 95338 b,HD 95338,42.44,3.89,0.262,55.087,0.197,0.83,0.87,5212.0,-0.3098,5.08,2.2432957245817064e+36,1.5617370874722055e+36,7.200833256006683e+32,0.004837939993722608,0.006803937928234035
HD 73583 b,HD 73583,15.9,2.84,0.05995,6.3980661,0.294,0.702,0.677,4582.0,-0.74425,0.78,1.9919946785656817e+36,1.6643085039837804e+36,7.426055161665174e+35,0.004539777509443813,0.006384610892720312
TOI-1238 c,TOI-1238,8.32,2.11,0.037,3.294736,0.15,0.59,0.58,4089.0,-1.08249,0.8,1.9598298327669698e+36,1.7315953461174474e+36,1.1138532897174785e+36,0.004363369497442145,0.006136515801574102
TOI-1803 c,TOI-1803,8.0,4.29,0.097,12.885779,0.0,0.756,0.715,4687.0,-0.65365,1.4,2.372877227806355e+36,1.743718371226494e+36,3.6467933896252473e+31,0.004333033613591629,0.006093852297895915
TOI-1260 d,TOI-1260,11.84,3.12,0.1116,16.608164,0.0,0.679,0.672,4227.0,-0.88941,6.7,2.6432647193072138e+36,1.8352178941401608e+36,1.6217471144926223e+32,0.004116999043702984,0.005790027569647464
Kepler-79 e,Kepler-79,4.1,3.49,0.386,81.0659,0.012,1.165,1.302,6174.0,0.342,3.44,2.4101432069141297e+36,1.8609934786472072e+36,3.491888326807867e+31,0.0040599767822152456,0.005709833121557263
Ross 176 b,Ross 176,4.57,1.84,0.0464,5.0066338,0.25,0.577,0.569,4041.0,-1.10891,3.0,2.3802915027025083e+36,1.9778395042438376e+36,9.468162307095884e+35,0.0038201230681001483,0.005372509842472978
TOI-1443 b,TOI-1443,30.0,2.30381001,0.147,23.540678,0.0,0.7663,0.7511,5224.0,-0.42022,7.4,2.780032047972983e+36,2.0142722586365216e+36,4.420559313234952e+32,0.0037510273413962863,0.005275335624477447
Kepler-1704 b,Kepler-1704,1322.166173,11.94877343,2.027,988.88112,0.92,1.132,1.697,5746.0,0.45179,7.4,3.5623113729455983e+37,2.0158150877563855e+36,1.948340399186026e+34,0.003748156446021576,0.005271298080821814
TOI-1759 b,TOI-1759,15.0,3.12029598,0.115,18.85018,0.0,0.5666,0.5745,3930.0,-1.14874,15.1,3.094930749438812e+36,2.0443968100650195e+36,1.9762933417394577e+33,0.0036957552848663217,0.005197602613674568
Kepler-553 c,Kepler-553,2129.450327,11.57887706,0.898,328.24017,0.346,0.889,0.902,5191.0,-0.27084,8.8,9.080109365013167e+37,2.1133506721775448e+36,3.599591873999324e+34,0.00357517113209449,0.005028016572580054
TOI-837 b,TOI-837,116.0,9.71,0.083,8.3249102,0.0,1.109,1.036,6000.0,0.1038,0.039,2.9524803769553656e+36,2.1464930416321865e+36,1.8516492776391046e+31,0.003519969628886566,0.004950382785914807
TOI-912 b,TOI-912,5.1,1.93,0.041,4.6780691,0.58,0.418,0.419,3572.0,-1.59007,0.8,2.2165994558777792e+36,2.15550396893237e+36,2.036006856156941e+36,0.003505254652304797,0.004929688071344622
TOI-2076 c,TOI-2076,55.0,3.69441587,0.142,21.015327,0.0,0.8557,0.796,5192.0,-0.37779,2.7,3.1685172024681515e+36,2.2398870120177418e+36,4.053189602676084e+32,0.0033732015385701955,0.004743972417523766
HIP 9618 c,HIP 9618,7.0,3.42855926,0.269,52.56363,0.0,0.942,0.9593,5649.0,-0.0716,5.6,3.010161186626796e+36,2.265612763194381e+36,8.450134140867363e+31,0.0033348992545878435,0.00469010520067865
TOI-1803 b,TOI-1803,10.32,2.99,0.06,6.293287,0.0,0.756,0.715,4687.0,-0.65365,1.4,3.016353768071638e+36,2.2795855419619517e+36,4.704363472616569e+31,0.0033144579030181245,0.004661357079075232
TOI-1246 e,TOI-1246,14.5,3.5141875,0.212,37.92548,0.0,0.8889,0.8649,5213.0,-0.30103,6.3,3.3872390889210924e+36,2.4910518252396553e+36,1.9006099625424962e+32,0.003033092382345256,0.004265652804055815
TOI-2134 b,TOI-2134,9.13,2.69,0.078,9.2292005,0.06,0.744,0.709,4580.0,-0.7167,3.8,3.4077259688045465e+36,2.5196144181789943e+36,1.8523190529158305e+34,0.002998708953500239,0.004217296950960304
TOI-1696 b,TOI-1696,56.6,3.24,0.0235,2.50031,0.0,0.27,0.287,3168.0,-2.12494,7.1,4.1676970686760526e+36,2.538574794225121e+36,8.087227918262747e+32,0.0029763118787555463,0.004185798357233504
Kepler-849 b,Kepler-849,298.7587026,8.08167508,1.137,394.62508,0.078,1.259,1.822,5950.0,0.57287,4.7,5.938620037158952e+36,2.555150728942107e+36,3.20106476425495e+33,0.002957003760905267,0.004158643982533779
HD 224018 b,HD 224018,4.1,0.91,0.0952,10.6413,0.06,1.013,1.147,5784.0,0.12385,7.0,3.3198873381909423e+36,2.6661980238918315e+36,1.3117085323694048e+32,0.0028338443909476764,0.00398543623097854
TOI-1807 b,TOI-1807,2.57,1.37,0.012,0.549374,0.0,0.76,0.69,4730.0,-0.66756,0.3,3.277853506614054e+36,2.7224753088738727e+36,3.070770926551856e+30,0.002775264954849837,0.003903051817861013
TOI-942 b,TOI-942,16.0,4.242,0.0498,4.3263,0.285,0.88,0.893,4969.0,-0.35853,0.05,2.9849076965079e+36,2.8407292441506e+36,2.352052939394998e+36,0.0026597361683516675,0.0037405754966834716
TOI-1136 b,TOI-1136,31.0,1.9,0.0514,4.17278,0.0,1.0404,0.9573,5805.0,-0.02687,0.7,3.617775894295275e+36,2.876512314263531e+36,7.9808785950922e+31,0.0026266497374950715,0.003694043703790797
Kepler-10 c,Kepler-10,13.98,2.35,0.241,45.294301,0.0,0.91,1.065,5708.0,0.00173,10.6,3.9630268533013733e+36,3.01359949591562e+36,2.8034791889423625e+32,0.002507164712962641,0.003526003444645989
TOI-1798.01,TOI-1798,6.5,2.38506569,0.074,8.02154,0.0,0.8543,0.7911,5106.0,-0.41567,2.6,4.0464926911945434e+36,3.125237381531365e+36,4.666588978688009e+31,0.00241760525450371,0.0034000496302060658
TOI-1174 b,TOI-1174,32.0,2.5064654,0.08,8.953458,0.0,0.8425,0.7847,5158.0,-0.4034,2.7,4.172276553311035e+36,3.1496391746264797e+36,2.3582194051933584e+32,0.0023988748857423246,0.003373707785001132
HD 63433 b,HD 63433,37.3,2.16351593,0.072,7.1079384,0.0,0.9883,0.9169,5634.0,-0.11748,1.5,4.172071497119943e+36,3.226391324028015e+36,1.793371471635883e+32,0.002341808403367762,0.0032934511459433947
TOI-2010 b,TOI-2010,408.7273314,11.81426566,0.5516,141.834025,0.212,1.112,1.079,5929.0,0.11361,1.9,7.58270007288594e+36,3.283616215196874e+36,2.565064614130415e+33,0.002300996773067963,0.0032360548575086135
TOI-2076 b,TOI-2076,16.1,2.77062554,0.088,10.355096,0.0,0.8557,0.796,5192.0,-0.37779,2.7,4.39198875174433e+36,3.3656402964543557e+36,1.1864791382379087e+32,0.0022449191386023424,0.0031571889053551446
HD 207897 b,HD 207897,14.4,2.501,0.1163,16.202159,0.047,0.8,0.779,5070.0,-0.4437,7.1,4.6268486453868155e+36,3.464802563847754e+36,1.0860150983400364e+33,0.0021806698003510377,0.0030668305069543366
HD 224018 c,HD 224018,10.4,2.42,0.217,36.57669,0.02,1.013,1.147,5784.0,0.12385,7.0,4.5231909790119534e+36,3.4919392881215737e+36,1.4930887121913365e+32,0.0021637232757348536,0.003042997408210364
TOI-1136 c,TOI-1136,7.6,2.76948277,0.067,6.2569,0.0,1.0404,0.9573,5805.0,-0.02687,0.7,4.386789951049975e+36,3.55419675863372e+36,1.9566024942806687e+31,0.0021258221838191403,0.0029896944162052107
TOI-1742 b,TOI-1742,9.7,2.36507598,0.154,21.269084,0.3,1.0861,1.131,5815.0,0.12123,3.9,4.7525857029209943e+36,3.73404056241165e+36,3.971950755351875e+33,0.0020234355221577524,0.0028457007967045375
TOI-1136 d,TOI-1136,12.3,4.62115423,0.107,12.51861,0.0,1.0404,0.9573,5805.0,-0.02687,0.7,4.791109273309895e+36,3.7977036300907604e+36,3.1666066683752927e+31,0.001989515520720366,0.0027979966944202917
TOI-757 b,TOI-757,10.5,2.5,0.122,17.46819,0.39,0.8,0.78,5278.0,-0.37675,7.5,5.2101242553767276e+36,3.96139204970173e+36,4.463215289050073e+34,0.0019073068811077505,0.002682380857552831
K2-36 c,K2-36,7.8,3.2,0.054,5.340888,0.0,0.79,0.718,4916.0,-0.57,1.4,5.1618879022694505e+36,3.9908805831793615e+36,3.555623554884616e+31,0.001893213830302693,0.002662560801284775
TOI-238 c,TOI-238,6.7,2.18,0.0749,8.465651,0.36,0.79,0.733,5059.0,-0.47083,4.3,5.218023178263352e+36,4.0958359720001665e+36,4.117095698661143e+35,0.0018447004144728815,0.0025943329459535936
TIC 279401253 b,TIC 279401253,1951.466419,11.2089807,0.369,76.8,0.448,1.13,1.06,5951.0,0.09691,1.2,8.149799274229368e+37,4.108395152239493e+36,1.7963024943131964e+34,0.0018390612478069643,0.002586402186164995
TOI-1260 c,TOI-1260,13.2,2.76,0.0657,7.493134,0.0,0.679,0.672,4227.0,-0.88941,6.7,5.959446253095543e+36,4.302486629913222e+36,1.808028877643802e+32,0.001756098499558623,0.0024697257928716007
HD 3167 c,HD 3167,10.67,2.923,0.1783,29.8464948,0.15,0.852,0.871,5300.0,-0.27003,10.2,5.74791741384605e+36,4.304067625523465e+36,1.5376457299721486e+33,0.0017554534390575999,0.0024688185985668734
Wolf 327 b,Wolf 327,2.53,1.24,0.01,0.5734745,0.0,0.405,0.406,3542.0,-1.62986,4.1,5.763186824405427e+36,4.3399517224613983e+36,2.4732238550491346e+31,0.0017409387934104717,0.0024484056235896078
HD 15337 c,HD 15337,8.79,2.522,0.1235,17.1784,0.19,0.851,0.839,5131.0,-0.32606,7.5,5.772730337199174e+36,4.35815186070893e+36,1.1923973049957451e+34,0.0017336684348426066,0.002438180803009786
TOI-5788 c,TOI-5788,6.4,2.272,0.1197,16.213362,0.046,0.87,0.87,5615.0,-0.14752,5.72,5.723421422826673e+36,4.4555214545006127e+36,4.942895841258684e+32,0.0016957813787496388,0.0023848975505770245
HD 21520 b,HD 21520,17.7,2.697,0.1726,25.1292,0.0,1.09,1.044,5871.0,0.06595,5.3,5.897266872148447e+36,4.5911476682072446e+36,2.0574646276650362e+32,0.001645686625913289,0.002314445748927768
HD 219134 c,HD 219134,4.36,1.511,0.0653,6.76458,0.062,0.81,0.778,4699.0,-0.57741,11.0,6.092129302529954e+36,4.621479348197234e+36,1.5060604668731248e+34,0.0016348856601748013,0.002299255585233095
TOI-125 d,TOI-125,13.6,2.93,0.137,19.98,0.168,0.859,0.848,5320.0,-0.28483,6.8,6.314544388309275e+36,4.7922811773043726e+36,8.505802298599036e+33,0.001576616654077801,0.002217307751829146
K2-36 b,K2-36,3.9,1.43,0.0223,1.422614,0.0,0.79,0.718,4916.0,-0.57,1.4,6.041840698648258e+36,4.904833080180902e+36,1.777811777442308e+31,0.0015404378072908806,0.002166426875222017
Kepler-1514 b,Kepler-1514,1678.1424,12.419572,0.753,217.83184,0.401,1.196,1.289,6145.0,0.32838,2.9,5.734464579812253e+37,4.9114094724894425e+36,1.3167626914435252e+34,0.0015383751563544444,0.0021635260230086087
HIP 8152 c,HIP 8152,10.7,2.52442508,0.139,19.60562,0.2,0.9373,0.9603,5618.0,-0.0804,6.0,6.425735514141472e+36,4.987396700253375e+36,5.628038021461992e+33,0.001514936703306115,0.0021305628651601067
K2-199 c,K2-199,12.4,2.85,0.0662,7.3744897,0.03,0.711,0.682,4491.0,-0.73283,5.04,6.772869908907451e+36,5.011230357580152e+36,2.509501770997153e+34,0.0015077315900540894,0.0021204298036925627
HD 97658 b,HD 97658,7.55,2.247,0.08,9.4903,0.078,0.77,0.741,5170.0,-0.45,6.0,6.569815785830307e+36,5.058404463595361e+36,1.8000775943082162e+34,0.0014936706563380183,0.00210065491596322
TOI-1064 c,TOI-1064,2.5,2.651,0.09429,12.226574,0.088,0.748,0.726,4734.0,-0.62342,9.4,6.915784749604821e+36,5.126366216652941e+36,2.234479785484778e+34,0.0014738686226936728,0.0020728059124733573
TOI-283 b,TOI-283,6.54,2.34,0.123,17.61745,0.0,0.8,0.85,5213.0,-0.33724,10.4,6.752962340520798e+36,5.128463607172096e+36,1.2859364194333336e+32,0.001473265853850506,0.0020719581959247227
TOI-1180 b,TOI-1180,10.0,3.03617429,0.082,9.686753,0.0,0.7795,0.7425,4804.0,-0.57675,5.0,7.087813877345939e+36,5.320631081632951e+36,1.1171424771771839e+32,0.0014200552902913848,0.001997124408806161
NGTS-35 b,NGTS-35,152.0,10.9,0.16,25.241192,0.192,0.789,0.753,4717.0,-0.59688,1.5,7.789781352533628e+36,5.374136865820779e+36,4.501082252794306e+35,0.0014059169879380615,0.001977240712078332
TOI-1451 b,TOI-1451,15.2,2.61143902,0.127,16.537944,0.0,1.0022,1.0162,5801.0,0.02449,4.0,6.994415793770398e+36,5.507322305959613e+36,1.4615562931042622e+32,0.0013719172213664612,0.0019294244304320575
TOI-1799 b,TOI-1799,4.0,1.42238884,0.071,7.085738,0.0,0.9406,0.9536,5698.0,-0.06198,5.1,6.919549640896517e+36,5.569629276178151e+36,4.529152327801545e+31,0.001356569699796294,0.0019078401230096537
TOI-2128 b,TOI-2128,4.5,2.08874836,0.127,16.34136,0.0,1.0251,1.1174,5968.0,0.15625,4.7,7.103217192016011e+36,5.673052630906751e+36,4.8214478730666e+31,0.0013318385720588668,0.00187305898512059
TOI-1184 b,TOI-1184,6.8,2.40974309,0.056,5.748432,0.0,0.7271,0.6972,4617.0,-0.70115,5.3,7.616369031067561e+36,5.7554480247686e+36,7.904383880295055e+31,0.001312771878513388,0.0018462441425329545
K2-199 b,K2-199,6.9,1.73,0.0382,3.2253993,0.02,0.711,0.682,4491.0,-0.73283,5.04,7.516577154716256e+36,5.768956411794144e+36,5.669436969683105e+34,0.0013096979376919678,0.0018419210416736743
HD 183579 b,HD 183579,19.7,3.55,0.1334,17.471278,0.28,1.031,0.985,5788.0,0.012,2.6,7.44699412304831e+36,5.84505328682276e+36,4.4722416467742585e+34,0.0012926469519439904,0.001817941031835815
HD 191939 d,HD 191939,2.2,3.1168896,0.209,38.352562,0.0,0.8222,0.934,5385.0,-0.17783,13.9,8.001437754598994e+36,6.00325678124623e+36,1.2101715095740039e+32,0.0012585818982064536,0.0017700329322205045
HD 136352 c,HD 136352,11.29,2.608,0.1729,27.5909,0.037,0.906,1.012,5850.0,0.03383,8.2,7.872170239328989e+36,6.13168304934179e+36,2.3423137914266898e+32,0.0012322212766644395,0.001732960121694898
TOI-1758 b,TOI-1758,6.9,3.5573684,0.138,20.705127,0.0,0.8253,0.8155,5151.0,-0.37263,7.5,8.239511446421071e+36,6.181748608516433e+36,1.0270447088091408e+32,0.0012222416008235125,0.0017189249961965104
TOI-1244 b,TOI-1244,6.6,2.37611439,0.061,6.4003,0.0,0.7528,0.7231,4722.0,-0.62893,5.9,8.204003278096054e+36,6.226210300459914e+36,8.260983871670348e+31,0.001213513509912046,0.0017066500632972484
TOI-1246 d,TOI-1246,5.4,3.43139739,0.132,18.654874,0.0,0.8889,0.8649,5213.0,-0.30103,6.3,8.298792747069886e+36,6.286726792193928e+36,7.078133653606539e+31,0.001201832140143776,0.0016902217250121135
HD 63935 c,HD 63935,11.1,3.06451296,0.148,21.4027,0.0,0.9406,0.9598,5513.0,-0.11464,6.6,8.479696055215778e+36,6.526727871865933e+36,1.5040558588923829e+32,0.0011576383240567939,0.001628068828974177
TOI-2525 c,TOI-2525,208.8132634,10.13291855,0.249,49.2519,0.157,0.849,0.785,5096.0,-0.44009,3.99,1.033813352707005e+37,6.770772764560068e+36,2.517690912531081e+34,0.0011159125520663624,0.0015693869182851416
Kepler-9 c,Kepler-9,29.9,8.08,0.227,38.9853,0.06691,1.022,0.958,5774.0,-0.038,2.0,9.076300124650783e+36,6.925040164373516e+36,2.3477822213514994e+33,0.0010910536452961024,0.0015344260756851777
TOI-1279 b,TOI-1279,10.6,2.66146528,0.085,9.61419,0.0,0.8784,0.8426,5457.0,-0.24336,4.2,9.173879021469575e+36,7.191636722164163e+36,1.0530483920925626e+32,0.0010506078945667263,0.0014775443496239677
TOI-5788 b,TOI-5788,3.72,1.528,0.064,6.340758,0.061,0.87,0.87,5615.0,-0.14752,5.72,9.061486383529313e+36,7.274963496926574e+36,1.1109416399117218e+34,0.00103857432664145,0.0014606206901066929
HD 5278 b,HD 5278,7.8,2.45,0.1202,14.339156,0.08,1.126,1.194,6203.0,0.28035,3.0,9.27146482152536e+36,7.512146873346702e+36,1.8471220943655585e+33,0.0010057830927093668,0.0014145040535726333
Kepler-63 b,Kepler-63,120.0,6.11,0.08,9.4341505,0.45,0.984,0.901,5576.0,-0.157,0.21,8.947941956627724e+36,7.735667881468057e+36,5.0940944704111546e+36,0.0009767211352573945,0.0013736321628851163
TOI-1823 b,TOI-1823,67.4,7.5406241,0.212,38.8,0.0,0.8414,0.8049,4927.0,-0.46092,6.3,1.088502351513708e+37,7.740580605951679e+36,8.834559412094087e+32,0.0009761012383686313,0.0013727603579519168
TOI-561 d,TOI-561,11.0,2.72148317,0.156,25.71255,0.0,0.7601,0.8566,5342.0,-0.26761,16.1,1.0327040484421639e+37,7.80530703684471e+36,3.367322055284193e+33,0.0009680068035114716,0.0013613765804756132
TOI-1249 b,TOI-1249,11.9,3.2710301,0.109,13.079151,0.0,1.0062,0.9785,5497.0,-0.10127,4.0,1.113002308114241e+37,8.701137566943029e+36,1.144244729469784e+32,0.0008683451166048108,0.0012212152861197794
TOI-1411 b,TOI-1411,2.0,1.19880592,0.02122,1.4520527,0.0,0.6045,0.614,4115.0,-1.01323,9.6,1.1584678556683928e+37,8.919977509426948e+36,3.642324611786201e+31,0.0008470414087004849,0.0011912543716788523
TOI-2141 b,TOI-2141,24.0,3.05,0.133,18.26157,0.21,0.94,0.98,5659.0,-0.05,6.4,1.1757907059693698e+37,9.15782817406513e+36,2.3716524087579094e+34,0.0008250417207607143,0.0011603146511827446
TOI-756 b,TOI-756,9.83,2.81,0.018,1.2392495,0.0,0.505,0.505,3657.0,-1.38722,3.2,1.247025737108389e+37,9.215199553781065e+36,8.135890268027955e+31,0.0008199052305993232,0.0011530908409923667
Kepler-79 c,Kepler-79,5.9,3.72,0.187,27.4029,0.03,1.165,1.302,6174.0,0.342,3.44,1.166409143172369e+37,9.300808414235058e+36,1.4196920242245787e+32,0.0008123584508630104,0.0011424772697305175
K2-180 b,K2-180,11.41003981,2.46597575,0.0756,8.865663,0.075,0.735,0.719,5365.0,-0.41341,7.5,1.2062951811559062e+37,9.402552444426436e+36,4.5284866974867005e+34,0.0008035680055834608,0.0011301146434637183
HD 191939 c,HD 191939,6.1,3.1823776,0.171,28.579889,0.0,0.8222,0.934,5385.0,-0.17783,13.9,1.2462569544159127e+37,9.447795351389689e+36,3.3554755492733735e+32,0.0007997199382658392,0.001124702833642444
TOI-201 b,TOI-201,133.4886,11.298672,0.3,52.97818,0.28,1.316,1.317,6394.0,0.41497,0.87,1.287960215520216e+37,9.889040668856294e+36,2.0644188060143694e+34,0.0007640367319912618,0.0010745190114190143
Kepler-278 c,Kepler-278,34.9,3.268,0.287,51.111,0.616,1.227,2.861,4965.0,0.64933,5.761,1.307029526601779e+37,9.917692779602095e+36,1.9675374767678482e+33,0.0007618294378609276,0.0010714147372296618
HIP 9618 b,HIP 9618,8.3,3.82838127,0.145,20.772858,0.0,0.942,0.9593,5649.0,-0.0716,5.6,1.290708561769995e+37,1.0022898671666453e+37,1.0019444767028446e+32,0.000753832854413704,0.001060168575126897
TOI-1751 b,TOI-1751,19.5,2.9507845,0.215,37.46852,0.327,0.9382,1.3137,5970.0,0.29732,9.0,1.3133983769202694e+37,1.0300333642031341e+37,2.1754146651657285e+33,0.0007335286970055465,0.0010316133993972581
Kepler-36 b,Kepler-36,4.45,1.486,0.1153,13.83989,0.039,1.071,1.626,5911.0,0.462,6.8,1.2758551796243147e+37,1.0382846278515735e+37,1.565942260181504e+32,0.0007276993333509839,0.0010234151521022914
TOI-5789 c,TOI-5789,5.0,2.86,0.1009,12.927748,0.067,0.821,0.833,5185.0,-0.32883,9.4,1.3821949543911722e+37,1.0588325967441921e+37,1.4423929359290534e+34,0.0007135774189795777,0.0010035545029550186
TOI-1260 b,TOI-1260,8.56,2.41,0.0367,3.127463,0.0,0.679,0.672,4227.0,-0.88941,6.7,1.4533848019217358e+37,1.0939586722888943e+37,1.1724793327750718e+32,0.0006906650595267052,0.0009713312278195253
TOI-2180 b,TOI-2180,875.6172613,11.32107051,0.828,260.79,0.3683,1.111,1.636,5695.0,0.40552,8.1,3.0198128687275658e+37,1.1024913939752623e+37,1.3936236544041472e+34,0.0006853196638495645,0.0009638136189950449
HIP 8152 b,HIP 8152,8.9,2.53625843,0.093,10.751014,0.0,0.9373,0.9603,5618.0,-0.0804,6.0,1.446081146996069e+37,1.145395465890341e+37,1.1271363045498026e+32,0.0006596490504952819,0.0009277112158918928
TOI-1437 b,TOI-1437,10.4,2.43471042,0.139,18.84078,0.0,1.012,1.2589,5986.0,0.26435,6.7,1.473649894137027e+37,1.178918982997578e+37,1.4245076005678442e+32,0.0006408913949243931,0.0009013309953126546
HD 136352 b,HD 136352,4.72,1.664,0.0964,11.57797,0.0,0.87,1.058,5664.0,0.0162,12.3,1.483049539057398e+37,1.180911452931028e+37,1.1434304123506451e+32,0.0006398100633547615,0.0008998102420810809
TOI-733 b,TOI-733,5.72,1.992,0.0618,4.884765,0.046,0.956,0.949,5585.0,-0.08619,4.4,1.4649669632142012e+37,1.1817023570029026e+37,3.529709641373237e+34,0.0006393818435231476,0.0008992080061794945
GJ 3470 b,GJ 3470,14.0,4.2,0.0348,3.33714,0.051,0.541,0.503,3600.0,-1.538,1.65,1.2675880199948122e+37,1.1840403831733506e+37,9.951287355831728e+36,0.0006381193093188158,0.0008974324148390291
TOI-1064 b,TOI-1064,13.5,2.587,0.06152,6.443868,0.047,0.748,0.726,4734.0,-0.62342,9.4,1.5574167244131657e+37,1.1853164480450315e+37,1.3870149984932754e+35,0.0006374323352741157,0.0008964662745469807
TOI-1775 b,TOI-1775,96.0,8.04728896,0.08,10.2405549,0.0,0.9218,0.8288,5284.0,-0.31605,0.8,1.5496111821189803e+37,1.1878799983213e+37,2.7722170024811894e+32,0.0006360566998214575,0.0008945316209043334
HD 15337 b,HD 15337,7.2,1.699,0.05245,4.75642,0.17,0.851,0.839,5131.0,-0.32606,7.5,1.5291074388733068e+37,1.2257527245102857e+37,8.063999179219334e+35,0.0006164041216535141,0.0008668928072443967
pi Men c,HD 39091,4.82,2.042,0.06839,6.2679,0.0,1.094,1.1,6037.0,0.15957,2.98,1.4955259071884018e+37,1.2298767717355548e+37,3.772829143933585e+31,0.0006143371831065226,0.0008639859250603574
TOI-125 c,TOI-125,6.63,2.759,0.0814,9.15059,0.066,0.859,0.848,5320.0,-0.28483,6.8,1.585384491397057e+37,1.239225810567293e+37,4.725537994908213e+34,0.0006097024650981766,0.0008574677926146114
TOI-6695 b,TOI-6695,66.74396547,9.52763359,0.402,80.389,0.04,1.338,1.517,6400.0,0.54033,2.1,1.605939754337778e+37,1.2512794199367976e+37,4.620917367370322e+32,0.0006038291843354444,0.0008492077815775643
TOI-1472 b,TOI-1472,16.5,4.15964583,0.065,6.36381,0.0,0.9154,0.8377,5133.0,-0.35556,2.3,1.620527648596116e+37,1.266185131411358e+37,1.0870208380807857e+32,0.000596720821286203,0.0008392107867778879
TOI-1386 b,TOI-1386,47.03860424,6.05284958,0.1732,25.83839,0.061,1.038,1.015,5793.0,0.01662,3.3,1.6409531853608887e+37,1.2702029883665077e+37,5.93451196360654e+33,0.0005948332970683843,0.0008365562276819214
K2-38 c,K2-38,8.3,2.29,0.09514,10.56103,0.161,1.03,1.06,5731.0,0.03743,6.7,1.6551430180700992e+37,1.3236061734782219e+37,5.334338952518515e+34,0.0005708337167472392,0.0008028039167767396
TOI-1269 b,TOI-1269,6.4,2.40144286,0.0496,4.2529913,0.0,0.9027,0.8521,5499.0,-0.21968,3.1,1.708313828289961e+37,1.379497052780625e+37,5.184295793953666e+31,0.0005477061585548146,0.000770277992400444
Wolf 503 b,Wolf 503,6.26,2.043,0.05706,6.00127,0.41,0.688,0.689,4716.0,-0.67572,11.0,1.7005508560348694e+37,1.4215907704569088e+37,5.404016013063951e+36,0.0005314884193243058,0.0007474698362009369
TOI-2525 b,TOI-2525,26.69758619,8.67575106,0.1511,23.2856,0.17,0.849,0.785,5096.0,-0.44009,3.99,1.9159575616621765e+37,1.4347727653390368e+37,5.29928706444129e+35,0.0005266053620258299,0.0007406024466090962
Kepler-79 d,Kepler-79,6.0,7.16,0.287,52.0902,0.025,1.165,1.302,6174.0,0.342,3.44,1.834241478769715e+37,1.4356340754729478e+37,1.1880743173782474e+32,0.00052628942459955,0.0007401581214127515
TOI-1723 b,TOI-1723,10.4,3.29206019,0.114,13.72641,0.0,1.0378,1.0855,5743.0,0.06446,4.8,1.8105602164218726e+37,1.4369276318996598e+37,1.1301903497874322e+32,0.000525815646343507,0.000739491813469692
HD 135694 b,HD 135694,6.1,2.5320132,0.12,15.92346,0.0,0.913,1.0726,5698.0,0.03941,9.8,1.862479747798827e+37,1.471034448767369e+37,1.1322204427344571e+32,0.000513624294896203,0.0007223462518016324
TOI-1691 b,TOI-1691,14.6,3.56505068,0.126,16.7369,0.0,0.9581,1.009,5642.0,-0.03058,6.6,1.9207403399771288e+37,1.504285137650496e+37,1.9783077062908823e+32,0.0005022711536565817,0.0007063795245613013
TOI-1776 b,TOI-1776,1.4,1.21612741,0.0378,2.799868,0.0,0.9196,0.9356,5785.0,-0.05306,5.1,1.820957782991369e+37,1.5125737381837181e+37,1.5852033147305408e+31,0.0004995188085332166,0.000702508706527024
HD 219134 b,HD 219134,4.74,1.602,0.03876,3.092926,0.0,0.81,0.778,4699.0,-0.57741,11.0,1.9382925701676267e+37,1.5155428731319335e+37,9.897045483052941e+31,0.0004985401897306737,0.0007011324055401278
TOI-1246 c,TOI-1246,9.1,2.45109846,0.061,5.904137,0.0,0.8889,0.8649,5213.0,-0.30103,6.3,1.983112621612496e+37,1.5646702341794233e+37,1.1927965971818426e+32,0.00048288707422903735,0.0006791183197112827
TOI-4504 c,TOI-4504,1197.323175,11.09689089,0.3569,82.97213,0.032,0.89,0.92,5315.0,-0.20761,10.0,5.232016207850346e+37,1.695873302174115e+37,2.293648055963439e+34,0.00044552799466064793,0.0006265775980882166
TOI-1347 b,TOI-1347,12.2,1.81434694,0.0171,0.84742431,0.0,0.9279,0.8401,5493.0,-0.23582,0.8,2.0413451919441847e+37,1.7300031285081918e+37,3.523025773986511e+31,0.0004367385347838617,0.0006142163576631693
TOI-469.01,TOI-469,5.9,3.42633318,0.11,13.630828,0.0,0.9452,0.9839,5323.0,-0.15366,8.6,2.283304783783579e+37,1.7698333421078816e+37,9.775569032364224e+31,0.0004269097058688528,0.0006003933788887891
Kepler-9 b,Kepler-9,43.4,8.29,0.143,19.23891,0.0609,1.022,0.958,5774.0,-0.038,2.0,2.4120865920800396e+37,1.8839096478228655e+37,6.651129317769329e+34,0.00040105905948797704,0.0005640377825795284
Kepler-391 c,Kepler-391,450.0,2.88,0.164,20.501,0.27,1.27,2.879,5038.0,0.66276,4.365,3.9895583207775137e+37,1.9104946668378112e+37,1.3693522934887336e+34,0.00039547822070958266,0.0005561890534334566
TOI-1439 b,TOI-1439,38.5,4.2427861,0.192,27.644,0.157,1.2313,1.6184,5841.0,0.44091,4.6,2.424913593716594e+37,1.9167980680163243e+37,6.538431758839192e+33,0.0003941776883665608,0.0005543600226172285
HD 63935 b,HD 63935,10.5,2.91575244,0.083,9.058807,0.0,0.9406,0.9598,5513.0,-0.11464,6.6,2.4389843780075344e+37,1.9331481379643118e+37,1.4227555421954972e+32,0.0003908438348195088,0.0005496713880691775
K2-291 b,K2-291,6.49,1.589,0.03261,2.225177,0.0,0.934,0.899,5520.0,-0.16622,3.72,2.3484769697614876e+37,1.9409858781620487e+37,5.779820033271976e+31,0.0003892655995166825,0.000547451803896883
K2-329 b,K2-329,82.6358,8.675766,0.1016,12.4551225,0.0697,0.901,0.822,5282.0,-0.32514,1.8,2.528923357351427e+37,1.9532967511261632e+37,9.155743519357095e+35,0.00038681220919481424,0.0005440014271899827
TOI-1422 b,TOI-1422,12.1,3.93681551,0.108,12.9967,0.0,0.9903,1.0235,5811.0,0.03302,4.6,2.571401193621718e+37,2.0466776402156774e+37,1.2777579121555369e+32,0.00036916367124455624,0.0005191810373353244
Kepler-79 b,Kepler-79,10.9,3.47,0.117,13.4845,0.015,1.165,1.302,6174.0,0.342,3.44,2.592932926518127e+37,2.1093265091091525e+37,6.416820812061903e+32,0.0003581991826553516,0.0005037608998651249
HD 25463 c,HD 25463,4.3,1.36354953,0.0443,3.04405,0.0,1.251,1.4182,6353.0,0.47276,2.3,2.522790409777987e+37,2.155297639093294e+37,2.83284218408932e+31,0.0003505590215530596,0.0004930159997693914
K2-182 b,K2-182,20.97667486,2.71257333,0.05174,4.7369696,0.071,0.823,0.789,5128.0,-0.41117,6.2,2.7037235885372074e+37,2.1558767317652717e+37,1.2294565179501166e+36,0.00035046485746775455,0.00049288357014184
HATS-71 b,HATS-71,117.5971,11.478016,0.03745,3.7955202,0.0,0.4861,0.4783,3405.0,-1.55988,3.2,3.2548957476492e+37,2.1655416172991684e+37,9.733032568039779e+32,0.0003489007209468856,0.0004906838140859392
TIC 139270665 b,TIC 139270665,147.1545524,7.22979255,0.163,23.624,0.105,1.035,1.016,5844.0,0.03222,3.4,2.88155988026304e+37,2.202498528032693e+37,6.558924275534931e+34,0.0003430463275682831,0.0004824503657159387
K2-24 c,K2-24,27.0,7.82,0.247,42.3633,0.0,1.12,1.21,5743.0,0.15836,5.1,2.8712920940069953e+37,2.2072222262558236e+37,3.0571778212660433e+32,0.00034231217071325055,0.000481417868893384
K2-38 b,K2-38,7.3,1.54,0.04994,4.01593,0.197,1.03,1.06,5731.0,0.03743,6.7,2.8453875649897597e+37,2.366461505859804e+37,1.3781619065880158e+36,0.0003192779724687083,0.00044902324322918457
TOI-6692 b,TOI-6692,197.0536123,11.67975789,0.512,131.125,0.537,1.047,1.385,5890.0,0.31806,7.8,3.3663356561391647e+37,2.480775432566333e+37,1.1174076606609963e+34,0.0003045656699101327,0.0004283322893273519
HD 25463 b,HD 25463,8.7,2.54535814,0.076,7.0491423,0.0,1.251,1.4182,6353.0,0.47276,2.3,2.987186702181155e+37,2.4977030128356413e+37,5.731564418971415e+31,0.0003025015494770047,0.00042542937045658767
TOI-2015 b,TOI-2015,9.2,3.309,0.029322,3.348237,0.0789,0.3041,0.3273,3297.0,-1.49214,5.5,3.0005614217918314e+37,2.693517605887572e+37,2.1208925916269676e+37,0.00028051015143344183,0.00039450130862910807
TOI-1753 b,TOI-1753,16.6,2.47852533,0.059,5.3846104,0.0,0.9483,0.9715,5621.0,-0.06956,5.9,3.4601631827827587e+37,2.8016331268106606e+37,2.0777626101473906e+32,0.0002696852147719577,0.0003792774329263566
TOI-1117 b,TOI-1117,8.9,2.46,0.033,2.22816,0.0,0.97,1.05,5635.0,-0.4437,4.42,3.4471716128585202e+37,2.8800418693883873e+37,8.907086561070717e+31,0.0002623430720042333,0.00036895165713818063
TOI-561 c,TOI-561,6.9,2.92706747,0.087,10.778849,0.0,0.7601,0.8566,5342.0,-0.26761,16.1,3.8363596613346367e+37,2.991430345570742e+37,2.1122292892237208e+33,0.0002525745025736207,0.00035521342554792264
Kepler-278 b,Kepler-278,56.0,3.955,0.202,30.1556,0.696,1.227,2.861,4965.0,0.64933,5.761,3.864024073554446e+37,2.9967739734755817e+37,7.1986349176023435e+34,0.00025212413021589563,0.00035458003497868657
K2-24 b,K2-24,21.0,5.68,0.154,20.8851,0.0,1.12,1.21,5743.0,0.15836,5.1,3.895727675530333e+37,3.063882458423061e+37,2.3778049720958113e+32,0.00024660183338268154,0.0003468136375195976
TOI-1736 b,TOI-1736,12.8,2.44,0.074,7.073088,0.21,1.08,1.15,5807.0,0.25,4.9,3.7614389197368173e+37,3.073936951727476e+37,6.745024771284893e+35,0.0002457952272220675,0.0003456792501033688
HD 191939 b,HD 191939,10.0,3.41,0.0804,8.8803256,0.031,0.81,0.94,5348.0,-0.18709,8.7,3.969363472542065e+37,3.123888234186705e+37,3.805340453103235e+34,0.00024186493717912158,0.0003401518046354923
Kepler-46 b,Kepler-46,1907.0,9.057,0.1968,33.60134,0.01,0.902,0.938,5155.0,-0.255,9.7,1.3447659215344602e+38,3.305765961015445e+37,3.5946265981518766e+34,0.00022855793193662035,0.00032143721995727347
HD 77946 b,HD 77946,10.9,2.89646124,0.073,6.527363,0.211,1.1973,1.3174,6007.0,0.30878,3.1,4.020549239794428e+37,3.344620775823322e+37,1.4671792318698305e+36,0.00022590275016460537,0.00031770304963097567
TOI-1470 b,TOI-1470,7.32,2.18,0.0285,2.527093,0.3,0.471,0.469,3709.0,-1.42481,1.3,3.502656594775932e+37,3.4700487848246453e+37,3.390634270843358e+37,0.00021773729372924242,0.0003062193894752077
HD 86226 c,HD 86226,7.25,2.16,0.049,3.98442,0.075,1.019,1.053,5863.0,0.07188,4.6,4.19396893930164e+37,3.4854041111157894e+37,8.23108473204973e+35,0.00021677802843765107,0.0003048703067025471
TOI-480 b,TOI-480,20.8,2.85372018,0.077,6.866196,0.0,1.2793,1.4877,6174.0,0.46195,2.7,4.1909749417414443e+37,3.487335536823119e+37,1.532842613375683e+32,0.00021665796810721032,0.00030470145734992556
HATS-17 b,HATS-17,425.25654,8.709393,0.1308,16.254611,0.029,1.131,1.091,5846.0,0.09342,2.1,4.970241452140631e+37,3.5726198712460472e+37,5.259650075146789e+34,0.00021148598472432584,0.00029742773052638825
TIC 4672985 b,TIC 4672985,4049.133905,11.5004142,0.33,69.048,0.018,1.01,1.15,5757.0,0.11394,7.71,3.6677974228050795e+38,3.5987398356166904e+37,6.01360391499159e+34,0.00020995100119169623,0.0002952689743842235
K2-115 b,K2-115,321.0066911,11.80305668,0.1415,20.2729914,0.063,0.918,0.855,5870.0,-0.10791,2.2,4.886640840702006e+37,3.6760956392743103e+37,3.7424003426621824e+35,0.00020553301808690636,0.00028905565159560265
TOI-1135 b,TOI-1135,51.42,9.02,0.082,8.02773,0.0,1.125,1.16,6122.0,0.23096,0.562,4.517732583242048e+37,3.7014303267249662e+37,1.07276289065957e+32,0.00020412623359702267,0.0002870771908540493
TOI-6303 b,TOI-6303,2493.0,11.59,0.0761,9.485236,0.02,0.644,0.609,3977.0,-1.08672,6.4,1.718450843235128e+38,3.720991327034885e+37,4.363499924810195e+36,0.00020305315576165035,0.0002855680454339923
TOI-125 b,TOI-125,9.5,2.726,0.05186,4.65382,0.194,0.859,0.848,5320.0,-0.28483,6.8,4.929722917174102e+37,4.165977526729113e+37,1.128207932802964e+37,0.0001813641640331618,0.0002550652790420785
TOI-1898 b,TOI-1898,129.0,9.39553231,0.269,45.52234,0.485,1.2484,1.6131,6241.0,0.55121,3.1,5.301768128165415e+37,4.184831427497594e+37,1.743783251168208e+35,0.0001805470649430595,0.00025391613467536746
TOI-6054.02,TOI-6054,9.3,2.82,0.1079,12.563636,0.332,1.107,1.662,6047.0,0.52244,6.0,5.346171776290151e+37,4.3948146527933775e+37,2.6204761631788234e+35,0.00017192056803486022,0.00024178408062392232
TOI-4127 b,TOI-4127,731.0053361,12.28504285,0.3081,56.39879,0.7471,1.23,1.293,6096.0,0.31639,4.8,7.222748309798394e+37,4.875492800240981e+37,8.527035602869156e+35,0.00015497080243433433,0.0002179464238539473
TOI-2328 b,TOI-2328,50.85254512,9.97599282,0.127,17.10197,0.057,0.95,0.9,5525.0,-0.17005,4.0,6.56699836339996e+37,5.094263788845592e+37,5.807586432919257e+35,0.00014831564733073653,0.00020858680751178446
Kepler-36 c,Kepler-36,8.08,3.679,0.1283,16.23855,0.033,1.071,1.626,5911.0,0.462,6.8,6.314937486959773e+37,5.115652779599426e+37,2.951861969516004e+33,0.00014769552666460045,0.00020771468786460413
TOI-2589 b,TOI-2589,1112.399425,12.10569916,0.3,61.6277,0.522,0.93,1.07,5579.0,-0.00436,11.0,9.257399858178115e+37,5.2424212976096885e+37,5.622484506837847e+35,0.0001441240580684856,0.00020269187843080942
Qatar-4 b,Qatar-4,1938.763,12.722215,0.02803,1.8053564,0.0,0.896,0.849,5215.0,-0.31785,0.17,1.318230039163163e+38,5.386714701608594e+37,1.3304513626901528e+33,0.00014026342091043686,0.00019726239075198732
TOI-1798.02,TOI-1798,5.6,1.39939037,0.0107,0.4378146,0.0,0.8543,0.7911,5106.0,-0.41567,2.6,6.656603595154264e+37,5.682664161877074e+37,4.0204458893312083e+31,0.00013295859301081615,0.00018698909350771785
Kepler-18 b,Kepler-18,6.9,2.0,0.0447,3.504725,0.0,0.972,1.108,5345.0,-0.031,10.0,7.265806700320955e+37,5.934146728768451e+37,1.3053155277070563e+32,0.00012732395507735787,0.00017906470279657478
Kepler-391 b,Kepler-391,1100.0,2.5,0.083,7.4175,0.46,1.27,2.879,5038.0,0.66276,4.365,1.8155919357179845e+38,6.037659085640832e+37,2.166551933809588e+36,0.0001251410556308298,0.00017599473658016352
K2-111 b,K2-111,8.6,1.9,0.0621,5.35117,0.0,0.88,1.23,5730.0,0.27875,10.77,7.467026965447823e+37,6.12782977390401e+37,1.7387636364487575e+32,0.00012329961167227425,0.0001734049834189853
WASP-132 c,WASP-132,6.26,1.841,0.01833,1.01153624,0.0,0.789,0.758,4686.0,-0.57512,7.2,7.530595983952398e+37,6.131663560136064e+37,9.037610214604305e+31,0.0001232225193222112,0.00017329656298275598
TOI-669 b,TOI-669,10.0,2.58606487,0.048,3.945152,0.0,0.9245,0.9882,5597.0,-0.06248,7.9,7.741037453085047e+37,6.331156502320497e+37,1.548772635775752e+32,0.00011933981275604808,0.00016783603753101447
TOI-532 b,TOI-532,61.5,5.82,0.0296,2.3266508,0.0,0.639,0.612,3927.0,-1.09528,7.1,8.605724847021275e+37,6.364164187411922e+37,8.787358957122946e+32,0.0001187208578010341,0.0001669655573060112
TOI-5027 b,TOI-5027,642.0133821,10.76062147,0.093,10.24368,0.385,1.02,0.92,5909.0,-0.03058,0.4,7.628016903602803e+37,6.38331872301981e+37,4.824859535408681e+37,0.0001183646100564325,0.00016646454085179972
TOI-4406 b,TOI-4406,95.3485221,11.2089807,0.201,30.08364,0.15,1.19,1.29,6219.0,0.36173,2.9,8.132756412240616e+37,6.46688790171655e+37,2.9685213438726368e+35,0.00011683502837827316,0.00016431338172046204
TOI-4994 b,TOI-4994,88.99195396,8.54124329,0.1515,21.491984,0.319,1.005,1.055,5640.0,0.0086,6.3,8.38880692323269e+37,6.603603902930195e+37,4.070918810672557e+36,0.0001144161646613757,0.00016091156222539134
TOI-1694 b,TOI-1694,31.3,5.3422266,0.045,3.770107,0.0,0.853,0.8036,5058.0,-0.41794,4.3,9.027210935376126e+37,7.151409334278269e+37,3.159005450710594e+32,0.00010565176683351138,0.00014858556833615064
TOI-4515 b,TOI-4515,637.0,12.17,0.118,15.266446,0.461,0.949,0.86,5433.0,-0.23582,1.2,8.98318349145881e+37,7.5765746750008e+37,5.345891006959507e+37,9.972303632262223e-05,0.00014024757438797065
TOI-6054.01,TOI-6054,12.5,2.64,0.0763,7.501428,0.164,1.107,1.662,6047.0,0.52244,6.0,9.385917287650105e+37,7.832275504343641e+37,6.157934929686965e+35,9.646737159554012e-05,0.00013566890231949733
TOI-2000 b,TOI-2000,11.0,2.7,0.04271,3.09833,0.0,1.082,1.134,5611.0,0.05956,5.3,9.470154716870572e+37,7.8412046182766e+37,1.2786503335771411e+32,9.635752008754837e-05,0.0001355144103574911
TOI-2529 b,TOI-2529,743.7184724,11.54525012,0.327,64.5949,0.021,1.11,1.7,5802.0,0.46389,7.23,1.1296423271335203e+38,7.911158252021546e+37,1.0912743167247732e+34,9.550548825427626e-05,0.00013431613759801392
K2-25 b,K2-25,24.5,3.44,0.0287,3.48456408,0.428,0.2634,0.2932,3207.0,-2.08831,0.73,8.283494659012978e+37,8.267434397545564e+37,8.246229834400237e+37,9.13897825110623e-05,0.0001285279288885138
TOI-1669 c,TOI-1669,13.0,2.2963977,0.0376,2.6800535,0.0,0.9867,1.0561,5497.0,-0.03574,7.7,1.0312067509113446e+38,8.523569420297418e+37,1.974022085759891e+32,8.864350065794388e-05,0.00012466563806095117
TOI-5573 b,TOI-5573,112.0,9.75,0.0712,8.79758977,0.072,0.619,0.594,3790.0,-1.15927,9.7,1.026397500269101e+38,8.664624898327492e+37,5.322001877983534e+37,8.72004316842392e-05,0.0001226361478779421
TOI-1794 b,TOI-1794,8.7,3.29701268,0.082,8.765528,0.0,0.9698,1.3162,5631.0,0.19728,10.8,1.0718772993296711e+38,8.677888434470339e+37,1.7798860973062448e+32,8.706715201764179e-05,0.00012244870723589172
NGTS-33 b,NGTS-33,1153.717117,18.38272835,0.048,2.827972,0.0,1.6,1.47,7437.0,0.77159,0.03,1.1757264440355305e+38,8.862496538039378e+37,1.4133963724516e+32,8.525352063870192e-05,0.00011989806887679348
K2-98 b,K2-98,34.00763955,5.06645928,0.0986,10.1367349,0.119,1.246,1.518,6260.0,0.50379,3.4,1.1263103055400726e+38,9.330839859643714e+37,9.628645288165036e+35,8.097438632335659e-05,0.00011388001898242449
TOI-4641 b,TOI-4641,1229.995935,8.18255591,0.173,22.09341,0.074,1.41,1.72,6560.0,0.69461,2.69,1.5758699528471189e+38,9.53999057913719e+37,7.417273667575029e+34,7.919913811744019e-05,0.00011138336160016333
TOI-2019 b,TOI-2019,34.4,5.33275337,0.128,15.3444,0.0,1.1832,1.7457,5626.0,0.44075,6.4,1.1950931425348715e+38,9.596105056966716e+37,4.55967591003432e+32,7.873601081176503e-05,0.00011073203284354944
TOI-3693 b,TOI-3693,324.1849751,12.59889431,0.0813,9.088516,0.0,0.867,0.791,5321.0,-0.3439,3.0,1.2907820651841654e+38,9.903102364609117e+37,2.5681595901882114e+33,7.629518545787414e-05,0.00010729932714172554
Kepler-18 d,Kepler-18,16.4,6.98,0.1172,14.85888,0.0,0.972,1.108,5345.0,-0.031,10.0,1.2873365152657239e+38,1.0019072821320198e+38,3.1024890803472062e+32,7.541207105595282e-05,0.00010605734076281248
WASP-69 b,WASP-69,82.58,11.21,0.0453,3.86813881,0.0,0.83,0.801,4792.0,-0.48149,1.8,1.419130109034222e+38,1.1067267826969013e+38,4.555627444258509e+32,6.82696979352933e-05,9.601251518905384e-05
TOI-1410.01,TOI-1410,12.5,3.10083009,0.0207,1.21687,0.0,0.7941,0.7558,4635.0,-0.6216,6.6,1.3797532710106761e+38,1.1127096084009783e+38,1.693756597851783e+32,6.79026248907783e-05,9.54962743482727e-05
K2-114 b,K2-114,638.8350981,10.44677001,0.0943,11.3909311,0.081,0.86,0.824,4920.0,-0.44491,7.2,1.5190287985334212e+38,1.1295513078932507e+38,1.9509510136707982e+37,6.689019137389811e-05,9.4072417331804e-05
WASP-156 b,WASP-156,41.8,6.02802815,0.0458,3.8361623,0.0,0.8712,0.8268,4987.0,-0.41794,5.6,1.4450093989061295e+38,1.1411552836513584e+38,5.0459372441179394e+32,6.621001035885316e-05,9.31158305588523e-05
HATS-72 b,HATS-72,39.855882,8.0973816,0.066517,7.3279474,0.013,0.7311,0.7214,4656.1,-0.65896,12.17,1.563675130989321e+38,1.1806533926162268e+38,2.1673296074697075e+36,6.399499092971819e-05,9.000069173422412e-05
TOI-1728 b,TOI-1728,26.78,5.05,0.0391,3.49151,0.057,0.646,0.6243,3980.0,-1.05552,7.1,1.3171318063151201e+38,1.2072871206045458e+38,9.105813724584447e+37,6.258320979501714e-05,8.80152038569e-05
HAT-P-12 b,HAT-P-12,67.059,10.749,0.0384,3.2130598,0.0,0.733,0.701,4650.0,-0.678,2.5,1.6035227511589471e+38,1.2426051073275684e+38,4.684693744330554e+32,6.0804436345921786e-05,8.551358867528569e-05
HD 332231 b,HD 332231,77.55052,9.718203,0.1436,18.71204,0.032,1.127,1.277,6089.0,0.30535,4.3,1.5530134629014395e+38,1.2465900059561716e+38,1.0694224583829255e+35,6.061006649388531e-05,8.524023257535636e-05
TOI-3785 b,TOI-3785,14.95,5.14,0.043,4.6747373,0.11,0.52,0.5,3576.0,-1.43533,8.0,1.3054155581241303e+38,1.2531595207092847e+38,1.1418034995221392e+38,6.0292326637595204e-05,8.47933724939314e-05
TOI-1444 b,TOI-1444,3.58,1.41792246,0.0116,0.4702743,0.0,0.9513,0.9105,5460.0,-0.17587,3.8,1.476096445354733e+38,1.2776284739071624e+38,3.3260465574425335e+31,5.913761683829429e-05,8.316942225689639e-05
TOI-5218 b,TOI-5218,657.0,9.86,0.0469,4.291452,0.0,0.739,0.708,4230.0,-0.82391,6.7,1.8294730192699887e+38,1.287320057699262e+38,8.999052822818017e+33,5.869239953166913e-05,8.254328160141417e-05
TOI-2202 b,TOI-2202,310.8361821,11.32107051,0.09564,11.9101,0.042,0.823,0.794,5144.0,-0.40121,7.48,1.7064697681518873e+38,1.3050646533627327e+38,6.55615835015495e+36,5.789437554448597e-05,8.142096390398896e-05
HD 213885 b,HD 213885,8.83,1.745,0.02012,1.008035,0.0,1.068,1.1011,5978.0,0.13862,3.8,1.5331096355131695e+38,1.3251285037976387e+38,8.203628799502115e+31,5.701779331972972e-05,8.018816418882639e-05
WASP-132 b,WASP-132,136.0305582,10.09929161,0.0674,7.1335164,0.0163,0.789,0.758,4686.0,-0.57512,7.2,1.7473749278757022e+38,1.332738844379918e+38,6.724203900692783e+36,5.669220453071604e-05,7.973026559697689e-05
TOI-1408 c,TOI-1408,7.6,2.22,0.03587,2.1664,0.1353,1.312,1.53,6117.0,0.47129,2.7,1.5504426886246566e+38,1.3819191804321409e+38,3.57212344148853e+37,5.467461789479564e-05,7.689279050355927e-05
EPIC 201595106 b,EPIC 201595106,7.67,1.565,0.0177,0.87724,0.0,0.958,0.98,5679.0,-0.04915,6.0,1.6327217806241863e+38,1.400301763067823e+38,9.713635343704477e+31,5.3956872114540744e-05,7.588337373868771e-05
TOI-1248 b,TOI-1248,27.4,6.8084859,0.051,4.3601561,0.0,0.9042,0.8686,5205.0,-0.30016,5.5,1.9143724131123286e+38,1.5245699837542363e+38,3.266797394419955e+32,4.955882901850193e-05,6.9698093997729e-05
Kepler-18 c,Kepler-18,17.3,5.49,0.0752,7.64159,0.0,0.972,1.108,5345.0,-0.031,10.0,1.934387118826387e+38,1.5397413669649807e+38,3.272747627439431e+32,4.907051584938996e-05,6.901134457618015e-05
TOI-2338 b,TOI-2338,1900.613874,11.2089807,0.158,22.65398,0.676,0.99,1.05,5581.0,-0.01323,7.0,2.619533388262046e+38,1.5970662003377293e+38,5.658124760206521e+37,4.730918676736052e-05,6.653426264443413e-05
TOI-238 b,TOI-238,3.4,1.402,0.02118,1.2730991,0.18,0.79,0.733,5059.0,-0.47083,4.3,1.720866787180927e+38,1.6762624862927565e+38,1.4724842451887557e+38,4.5074028542341744e-05,6.339080120370889e-05
WASP-148 b,WASP-148,91.21675281,8.47398941,0.08215,8.803809,0.208,0.954,0.912,5555.0,-0.13906,3.6,1.9086103357269857e+38,1.6819007727220404e+38,8.224596238696543e+37,4.492292552392043e-05,6.317829431866248e-05
TOI-2000 c,TOI-2000,81.7,8.14,0.0878,9.127055,0.063,1.082,1.134,5611.0,0.05956,5.3,2.1140595257172074e+38,1.7063266132563805e+38,7.563992107249939e+36,4.427985976695539e-05,6.227390536389244e-05
HAT-P-11 b,HAT-P-11,25.743,4.73,0.053,4.8878162,0.198,0.81,0.75,4780.0,-0.585,6.5,1.837827585815128e+38,1.716903039824034e+38,1.3128385495362314e+38,4.400708799453241e-05,6.189028708616504e-05
TOI-6016 b,TOI-6016,371.8592362,13.67495645,0.055,4.023687,0.0,1.31,1.51,6110.0,0.4609,0.3,2.1117242243965177e+38,1.7616928531727974e+38,4.443169382462022e+32,4.28882384438018e-05,6.031676965848277e-05
Qatar-5 b,Qatar-5,1373.0256,12.408363,0.04127,2.8792319,0.0,1.128,1.076,5747.0,0.05614,0.53,2.4653790193674527e+38,1.7669992449525494e+38,2.679232999684491e+33,4.275944280533374e-05,6.013563522302036e-05
TOI-2373 b,TOI-2373,2955.804185,10.42435205,0.112,13.33668,0.112,1.041,1.102,5651.0,0.05115,5.9,4.253231114464877e+38,1.909757747664665e+38,1.3512338344327657e+37,3.9563082408755506e-05,5.564036703804858e-05
TOI-2364 b,TOI-2364,71.51139158,8.60849718,0.04871,4.0197517,0.0,0.954,0.886,5306.0,-0.25181,3.5,2.387404505850408e+38,1.916019458968039e+38,6.28715412684619e+32,3.943378695762859e-05,5.5458529680617106e-05
TOI-1836 b,TOI-1836,38.45723725,8.00321222,0.1597,20.380799,0.0,1.307,1.577,6380.0,0.5682,6.6,2.3908106512608238e+38,1.949960040072395e+38,5.210975946187108e+32,3.87474110232594e-05,5.4493230553521446e-05
Qatar-3 b,Qatar-3,1369.8473,12.285064,0.03783,2.5079204,0.0,1.145,1.272,6007.0,0.27875,0.31,2.7631075934660088e+38,2.052540149191044e+38,1.6188858251766313e+33,3.681092580887875e-05,5.176981413771537e-05
TOI-558 b,TOI-558,1147.360549,12.17295304,0.1291,14.574071,0.298,1.349,1.496,6466.0,0.54654,1.79,2.83741190034888e+38,2.2097870893191152e+38,4.117919524439516e+37,3.4191485467904014e-05,4.8085909519255935e-05
HD 17156 b,HD 17156,1036.120607,12.26262489,0.1632,21.2164294,0.6772,1.285,1.517,6046.0,0.44091,3.3,2.8214981907996265e+38,2.2314589210182392e+38,6.21155156714397e+37,3.385941925255763e-05,4.761890126363226e-05
HATS-5 b,HATS-5,75.323,10.223,0.0542,4.763387,0.019,0.936,0.871,5304.0,-0.268,3.6,3.0727098462393738e+38,2.5272988532056698e+38,3.782771873067798e+37,2.9895911619545915e-05,4.2044739544370614e-05
TOI-1288 b,TOI-1288,44.1,4.96846551,0.0374,2.6998279,0.0,0.9552,0.9583,5388.0,-0.1549,6.5,3.130714069144276e+38,2.5650767799848314e+38,5.910292315161275e+32,2.9455610740846224e-05,4.14255132099583e-05
Kepler-4 b,Kepler-4,24.472,4.002,0.0456,3.21346,0.0,1.223,1.487,5857.0,0.354,4.5,3.05274967762867e+38,2.5725064035538283e+38,2.54640665114275e+32,2.9370540359875723e-05,4.1305872703377905e-05
TOI-1272 b,TOI-1272,27.0,4.13204907,0.0417,3.31599,0.35,0.8772,0.7934,5065.0,-0.42597,1.1,2.7321201463271487e+38,2.6994446490331968e+38,2.5738592005674477e+38,2.798942485398866e-05,3.936351207344655e-05
TOI-6651 b,TOI-6651,61.0,5.09,0.0633,5.056973,0.091,1.323,1.721,5940.0,0.52244,3.71,3.3180529500394432e+38,2.813434514489061e+38,2.0291995144128556e+37,2.685539782870614e-05,3.776864948751665e-05
Kepler-10 b,Kepler-10,4.56,1.416,0.01684,0.837495,0.0,0.895,1.056,5627.0,0.002,11.9,3.2945786168661403e+38,2.8368683013603604e+38,1.050570433571215e+32,2.663356036492255e-05,3.745666373827237e-05
TOI-1836 c,TOI-1836,8.0,2.59987579,0.03089,1.7727471,0.0,1.2518,1.6454,6237.0,0.56984,3.2,3.2815032743922652e+38,2.8519255749515957e+38,6.621273870216037e+31,2.6492943509894653e-05,3.725890428806945e-05
TOI-5110 b,TOI-5110,921.7023803,11.98240037,0.2157,30.158577,0.745,1.469,2.333,6160.0,0.84696,4.0,3.6811754411558866e+38,2.887588053888208e+38,1.4007453793209626e+37,2.616574862535484e-05,3.679874693024087e-05
TOI-561 b,TOI-561,2.24,1.37,0.0106,0.4465688,0.0,0.805,0.832,5326.0,-0.28233,10.0,3.3986511993180875e+38,2.930222745662635e+38,4.237546060962037e+31,2.578503742196922e-05,3.6263325779962016e-05
TOI-1238 b,TOI-1238,3.76,1.21,0.0139,0.764597,0.25,0.59,0.58,4089.0,-1.08249,0.8,2.960873749468239e+38,2.9566978049053254e+38,2.9413065414958343e+38,2.5554151332701307e-05,3.593861430732905e-05
TOI-6628 b,TOI-6628,235.1930212,10.98480109,0.134,18.18424,0.67,0.97,1.01,5463.0,-0.08778,7.5,3.3454995790193595e+38,2.9719370087890865e+38,1.7292626267662784e+38,2.542311728955576e-05,3.57543318447097e-05
HD 89345 b,HD 89345,35.7,6.86,0.105,11.81399,0.203,1.12,1.657,5499.0,0.35603,9.4,3.718001198123884e+38,3.0232238017347853e+38,1.6754114635698126e+37,2.499183259547672e-05,3.514778560980007e-05
TOI-2005 b,TOI-2005,2034.101805,11.99360935,0.16,17.305904,0.597,1.59,2.02,7130.0,0.96237,1.6,4.428765598612066e+38,3.150013957731889e+38,4.428531587345418e+37,2.398589471839011e-05,3.373306387198654e-05
TOI-1298 b,TOI-1298,113.1469129,9.42675277,0.059,4.537164,0.032,1.44,1.412,5889.0,0.33365,1.6,3.91024532010949e+38,3.3320590067090032e+38,4.748155942618984e+37,2.267543972045118e-05,3.189007812282684e-05
TOI-4087 b,TOI-4087,232.0147371,13.04725353,0.04469,3.1774835,0.0,1.178,1.112,6060.0,0.17609,0.8,3.9958558513008816e+38,3.3429138795326508e+38,6.699949989737743e+32,2.260180964104866e-05,3.178652692323451e-05
TOI-5616 b,TOI-5616,624.0,10.78,0.0272,2.002849,0.0,0.666,0.646,3996.0,-0.99268,7.2,4.563890105129439e+38,3.374137148114719e+38,9.008736060564036e+33,2.239265917031052e-05,3.149238379156903e-05
LTT 9779 b,LTT 9779,29.32,4.72,0.01679,0.792052,0.0,1.02,0.949,5443.0,-0.16749,2.0,4.189586690257432e+38,3.570558057615756e+38,1.7474671363129247e+32,2.1160810700293996e-05,2.9759947974287774e-05
TOI-2196 b,TOI-2196,26.0,3.51,0.02234,1.1947268,0.0,1.032,1.043,5634.0,-0.00436,4.5,4.286970706368883e+38,3.644065928872299e+38,2.7054009860130554e+32,2.0733956143048748e-05,2.9159632154817316e-05
TOI-5800 b,TOI-5800,9.5,2.46,0.0344,2.6278838,0.3,0.778,0.773,4850.0,-0.51004,8.1,3.778916052879649e+38,3.675947860618866e+38,3.2799439948472563e+38,2.055412808246312e-05,2.8906727206933113e-05
Kepler-434 b,Kepler-434,908.96,12.67,0.1143,12.8747099,0.131,1.198,1.38,5977.0,0.33,4.0,4.644399623250912e+38,3.7222016025189575e+38,4.026609567752652e+37,2.0298713293897046e-05,2.854751928587343e-05
HD 20329 b,HD 20329,7.42,1.72,0.018,0.926118,0.0,0.9,1.13,5596.0,0.04922,11.0,4.384680305510445e+38,3.772311216068523e+38,1.549284335110819e+32,2.0029074703534216e-05,2.8168307424158388e-05
K2-30 b,K2-30,184.02357,11.646151,0.04839,4.098503,0.0,0.9,0.844,5425.0,-0.25649,3.9,4.8844484954357765e+38,3.930019454631501e+38,1.739667779416503e+33,1.922532547836992e-05,2.7037937918753225e-05
TOI-892 b,TOI-892,301.9385,11.99363,0.092,10.62656,0.125,1.28,1.39,6261.0,0.43136,2.2,4.731164915340744e+38,4.032368945588731e+38,7.794131727681638e+37,1.8737348732504236e-05,2.6351661633061427e-05
TOI-5542 b,TOI-5542,419.5334972,11.30986153,0.332,75.12375,0.018,0.89,1.058,5700.0,1.057,10.8,5.605124433092027e+38,4.185793969100555e+38,8.766194784274721e+33,1.8050554735700936e-05,2.5385774555132253e-05
TOI-3362 b,TOI-3362,1598.359059,12.80065596,0.153,18.09547,0.815,1.445,1.83,6532.0,0.73878,2.14,5.225504934556981e+38,4.222763177099779e+38,1.5790468344267924e+38,1.7892526760998408e-05,2.516352861322399e-05
HD 221416 b,HD 221416,60.5,9.17,0.1228,14.2767,0.115,1.212,2.943,5080.0,0.71181,4.9,5.5309161548662955e+38,4.46494512756839e+38,4.5305439113992306e+36,1.6922022778086012e-05,2.3798640072355813e-05
TOI-3261 b,TOI-3261,30.3,3.82,0.01714,0.8831331,0.0,0.861,0.849,5068.0,-0.36653,6.5,5.4117548685529475e+38,4.523038921115061e+38,4.0608130872876794e+32,1.6704676760329473e-05,2.3492970962014812e-05
TOI-2876 b,TOI-2876,54.03082919,9.6397234,0.0654,6.2996431,0.13,0.939,0.873,5271.0,-0.27654,3.8,5.138535054913473e+38,4.778980767284789e+38,3.435605839205197e+38,1.581004545338316e-05,2.2234787543242416e-05
TOI-2497 b,TOI-2497,1531.932922,11.14172682,0.1166,10.655669,0.195,1.859,2.36,7360.0,1.16732,1.0,6.0061001853414924e+38,4.807584799486602e+38,3.0279994919563476e+37,1.5715979291657007e-05,2.2102495632560926e-05
TOI-1478 b,TOI-1478,270.47333,11.88154,0.0903,10.180249,0.024,0.947,1.048,5597.0,-0.01278,9.1,6.04893063762908e+38,4.819502681113073e+38,7.25078320594171e+36,1.5677116115674963e-05,2.20478395935404e-05
TOI-3568 b,TOI-3568,26.4,5.3,0.0485,4.417965,0.035,0.78,0.719,4969.0,0.33,6.1,6.189316699732578e+38,4.858816765409894e+38,1.1880505613067634e+37,1.5550268058985445e-05,2.1869444180378507e-05
TOI-2295 b,TOI-2295,278.0998561,16.47720163,0.1992,30.033302,0.334,1.168,1.459,5730.0,0.31387,10.5,6.150582032270817e+38,4.892508913752517e+38,3.7168191439994894e+37,1.5443181501260803e-05,2.1718840763913623e-05
NGTS-25 b,NGTS-25,203.0923521,11.46678726,0.0388,2.823093,0.0,0.91,0.86,5321.0,-0.29158,3.49,6.0792353175211256e+38,4.926618146457446e+38,1.7757283491451267e+33,1.533626128624277e-05,2.1568471286987484e-05
TOI-5795 b,TOI-5795,23.66,5.62,0.064,6.1406325,0.25,0.901,1.082,5715.0,0.05308,10.2,5.934864240054835e+38,5.291587503276882e+38,2.470472278962407e+38,1.427849451697199e-05,2.0080858904443388e-05
TOI-5350 b,TOI-5350,2094.489202,12.41955062,0.0796,7.581367,0.0165,1.167,1.263,6220.0,0.33445,3.1,7.207856435166099e+38,5.3193654190327465e+38,6.344515983671943e+36,1.4203931709838285e-05,1.997599594373059e-05
TOI-181 b,TOI-181,46.1687,6.9559,0.0539,4.532,0.1543,0.822,0.745,4994.0,-0.52578,5.4,5.619058932805508e+38,5.387484152272622e+38,4.573774035984718e+38,1.402433882236933e-05,1.9723421736469526e-05
K2-261 b,K2-261,68.96876432,9.26982704,0.1086,11.6334681,0.274,1.107,1.663,5490.0,0.35392,8.8,6.689834165249638e+38,5.576084356863485e+38,1.0433131290151072e+38,1.3549992847331347e-05,1.9056315369947044e-05
TOI-1130 c,TOI-1130,309.56642,16.8135,0.07098,8.350381,0.047,0.684,0.687,4250.0,-0.85387,8.2,6.354862636260615e+38,5.645114740849936e+38,3.8313915043511835e+38,1.3384298923964945e-05,1.8823288261067362e-05
K2-99 b,K2-99,276.5107141,11.88151954,0.153,18.24783,0.22,1.44,2.55,6069.0,0.89927,3.7,7.046071729568906e+38,5.822646210612722e+38,1.3499390747361498e+37,1.2976213978775405e-05,1.8249369477428224e-05
HAT-P-15 b,HAT-P-15,618.471,12.016,0.0964,10.863502,0.19,1.013,1.08,5568.0,0.0,6.8,6.789877749944677e+38,5.869087029270595e+38,2.6006244144781182e+38,1.2873535998836002e-05,1.8104966156384424e-05
TOI-4153 b,TOI-4153,365.5026681,16.11851425,0.06311,4.6174141,0.039,1.572,1.605,6860.0,0.71349,0.4,7.291051691336667e+38,6.526095391170676e+38,2.014621363272524e+38,1.1577505173129708e-05,1.62822661430264e-05
TOI-2524 b,TOI-2524,203.4101805,11.2089807,0.073,7.18585,0.0,1.007,1.119,5831.0,0.11628,6.7,8.055548644492704e+38,6.554361451685992e+38,2.786147578414683e+33,1.152757651657753e-05,1.621204793435454e-05
TOI-2368 b,TOI-2368,206.5884646,10.83908434,0.05649,5.1750073,0.061,0.897,0.846,5360.0,-0.27491,4.2,7.228666283747149e+38,6.570998793058425e+38,4.019568290551803e+38,1.1498389442931168e-05,1.617100008389457e-05
K2-113 b,K2-113,410.0007,10.42437,0.0558,5.817608,0.0,1.007,1.047,5627.0,0.0086,5.9,8.222506260033175e+38,6.6753197562615204e+38,5.1318320758690194e+33,1.1318694221463206e-05,1.591828195707723e-05
TOI-375 b,TOI-375,236.7821632,10.77183045,0.099,9.45469,0.087,1.441,2.9,5259.9,0.75997,2.94,8.088238366858202e+38,6.676051905608816e+38,2.705158489663633e+37,1.1317452922757976e-05,1.591653623072433e-05
TIC 237913194 b,TIC 237913194,617.22586,12.520453,0.1207,15.168865,0.575,1.026,1.088,5788.0,0.07773,5.7,7.603325741171177e+38,6.944875253919457e+38,4.676022168529567e+38,1.0879375134776568e-05,1.5300436386362666e-05
HAT-P-20 b,HAT-P-20,2302.899,9.718,0.0361,2.875317,0.015,0.756,0.694,4595.0,-0.721,6.7,9.0363086428948e+38,7.004974912391703e+38,4.216476821341676e+38,1.0786034796207351e-05,1.5169165252233401e-05
TOI-1194 b,TOI-1194,120.0,8.71664516,0.034,2.3106446,0.0,0.9835,0.9608,5394.0,-0.1512,4.9,8.865946491699945e+38,7.299170824409233e+38,1.3224006928789974e+33,1.0351299478969469e-05,1.4557766161393978e-05
TOI-132 b,TOI-132,22.4,3.42,0.026,2.1097019,0.059,0.97,0.9,5397.0,-0.22185,6.34,7.92203158334634e+38,7.490034980259022e+38,5.356327433456305e+38,1.0087523402861805e-05,1.4186799169013256e-05
Kepler-15 b,Kepler-15,209.76,10.76,0.05714,4.942782,0.06,1.018,0.992,5515.0,-0.087,3.7,8.352959456202689e+38,7.542953969868426e+38,4.158254334436039e+38,1.0016752515451767e-05,1.408726905378059e-05
TOI-329 b,TOI-329,40.4,4.94057819,0.0638,5.70439,0.39,1.0678,1.5326,5614.0,0.3251,8.7,8.447528422578207e+38,7.691803440414767e+38,4.1480634817347784e+38,9.822911328522227e-06,1.3814656453063115e-05
TOI-2485 b,TOI-2485,766.6021177,12.1393261,0.1093,11.23479,0.0341,1.163,1.72,,0.51983,6.0,9.703715576493428e+38,7.816854011250092e+38,4.675949778739009e+36,9.665768740579734e-06,1.3593655693312046e-05
TOI-2145 b,TOI-2145,1767.0,12.41899699,0.111,10.261127,0.21,1.7169,2.7505,6200.0,1.00664,1.6,9.640132755858934e+38,7.824971299365149e+38,1.1503837122038833e+38,9.655741888503337e-06,1.3579554220529848e-05
TrES-3 b,TrES-3,607.03,14.975,0.02282,1.30618581,0.0,0.928,0.829,5650.0,-0.20412,0.9,9.496410195552206e+38,7.940971458216979e+38,1.9362814672370863e+33,9.514692698389492e-06,1.3381186746851482e-05
Qatar-9 b,Qatar-9,378.2177,11.309881,0.0234,1.540731,0.0,0.719,0.696,4309.0,-0.82102,7.5,1.0340126902879164e+39,8.061221531301338e+38,5.629659240042939e+33,9.372761045982484e-06,1.3181578203900972e-05
HATS-38 b,HATS-38,23.51942,6.882326,0.05036,4.375021,0.0,0.89,1.105,5732.0,0.07151,11.89,1.0204809697285799e+39,8.414920349876128e+38,5.396210286609089e+32,8.978801938716944e-06,1.2627525587379221e-05
HAT-P-26 b,HAT-P-26,18.751,6.333,0.0479,4.234516,0.124,0.816,0.788,5079.0,-0.42,9.0,8.925550421019371e+38,8.43580600696909e+38,6.594134118686123e+38,8.956571913720785e-06,1.2596261927554335e-05
HATS-4 b,HATS-4,420.471,11.433,0.0362,2.516729,0.013,1.001,0.925,5403.0,-0.187,2.1,9.749684379433174e+38,8.759338985558305e+38,4.4070769956991616e+38,8.62575398396922e-06,1.2131009224441623e-05
TOI-3837 b,TOI-3837,187.5187601,10.87271128,0.099,11.88865,0.221,0.89,1.2,5905.0,0.19618,11.2,1.0392705400139962e+39,8.799950261313478e+38,2.11347518017435e+38,8.585946614241316e-06,1.2075025298831478e-05
TOI-2207 b,TOI-2207,203.4101805,11.1529358,0.0854,8.001968,0.174,1.296,1.564,6101.0,0.4843,3.3,1.005105504928157e+39,8.897998627433165e+38,3.35187202109974e+38,8.49133679552076e-06,1.1941968804784137e-05
TOI-3629 b,TOI-3629,77.2323029,8.29464572,0.04194,3.9365578,0.056,0.635,0.6103,3865.0,-1.12494,9.8,9.28259478585954e+38,8.964139321347582e+38,8.160431897954298e+38,8.428684611325083e-06,1.1853856597338657e-05
TOI-481 b,TOI-481,486.2799,11.09691,0.097,10.33111,0.153,1.14,1.66,5735.0,0.43457,6.7,1.0776191435938527e+39,9.013007848272932e+38,1.4321261615820625e+38,8.382984284884921e-06,1.1789584989009006e-05
K2-232 b,K2-232,123.00021,11.859122,0.0991,11.168459,0.255,1.039,1.233,5888.0,0.21643,7.1,1.0496568476586681e+39,9.24598020957255e+38,3.9706354432919965e+38,8.171756962381545e-06,1.1492521033498018e-05
TOI-1273 b,TOI-1273,70.55790635,11.09689089,0.0549,4.631296,0.055,1.06,1.06,5690.0,0.02938,3.1,1.0306868484707899e+39,9.347330739891158e+38,5.023773559802788e+38,8.08315285444754e-06,1.1367910796216912e-05
TOI-622 b,TOI-622,96.30200732,9.2362001,0.0708,6.402513,0.42,1.313,1.415,6400.0,0.47407,0.9,9.977559075352834e+38,9.690427250971494e+38,8.196871767548607e+38,7.796963043506853e-06,1.09654217798463e-05
TOI-6420 b,TOI-6420,2606.192937,11.93756445,0.0753,6.961508,0.078,1.165,1.312,6020.0,0.31175,4.4,1.2604188300155762e+39,9.782276345262696e+38,2.4940576953094838e+38,7.723754725883022e-06,1.0862463733737978e-05
HD 1397 b,HD 1397,116.64361,11.466807,0.1003,11.5366,0.216,1.257,2.341,5474.0,0.63548,4.46,1.1811880193761988e+39,1.0030264010398347e+39,1.9939091902537244e+38,7.532793062404723e-06,1.0593900810951723e-05
HATS-55 b,HATS-55,292.72143,14.022459,0.05412,4.2042001,0.092,1.1955,1.126,6214.0,0.22891,0.4,1.0709186610798953e+39,1.0405433806203248e+39,8.922500944210085e+38,7.261196847609894e-06,1.021193580324078e-05
TOI-1842 b,TOI-1842,89.4,12.3485023,0.1,9.5739181,0.276,1.4643,2.032,6039.0,0.69504,2.5,1.1763858932983693e+39,1.0516870665348817e+39,4.400088641445799e+38,7.1842571384432305e-06,1.0103730036723293e-05
HD 3167 b,HD 3167,4.73,1.627,0.01802,0.95965428,0.1,0.852,0.871,5300.0,-0.27003,10.2,1.0971097364914382e+39,1.069620180728473e+39,9.230695594566512e+38,7.063806808521368e-06,9.934332200188107e-06
TOI-3364 b,TOI-3364,530.7734397,12.22899794,0.0675,5.8768918,0.0,1.186,1.419,5706.0,0.28556,5.4,1.3384854773247342e+39,1.0962862258673877e+39,6.248912685614036e+33,6.891986907145184e-06,9.692689694221572e-06
HAT-P-17 b,HAT-P-17,169.71,11.321,0.0882,10.338523,0.342,0.857,0.838,5246.0,-0.319,7.8,1.1607245319680023e+39,1.1059332558262202e+39,9.198656788950396e+38,6.831868266333141e-06,9.608140588415033e-06
TOI-2416 b,TOI-2416,953.485221,9.86390302,0.0831,8.275479,0.32,1.118,1.236,5808.0,0.197,4.9,1.2163167318029343e+39,1.1163192595157047e+39,7.721310611223966e+38,6.768305975872443e-06,9.51874843402037e-06
GPX-1 b,GPX-1,6261.219618,16.47720163,0.0338,1.744579,0.0,1.68,1.56,7000.0,0.72673,0.27,1.8658235507238118e+39,1.1717452235098259e+39,6.68117720610835e+33,6.448151153993833e-06,9.068492015314613e-06
TOI-4137 b,TOI-4137,457.6729061,13.57407563,0.05222,3.8016122,0.0,1.313,1.438,6202.0,0.43933,2.1,1.524364410327662e+39,1.2862549643728074e+39,2.8256814457134243e+33,5.874100022498911e-06,8.261163220126604e-06
TOI-905 b,TOI-905,211.99261,13.125739,0.04666,3.739494,0.024,0.968,0.918,5570.0,-0.13668,3.4,1.431957410177216e+39,1.2898285017822666e+39,6.656587821402315e+38,5.857825520773838e-06,8.238275234807643e-06
TOI-4791 b,TOI-4791,734.1836202,12.44196858,0.0555,4.28088,0.0,1.242,1.409,6058.0,0.38021,3.3,1.561103933321945e+39,1.3019171975629804e+39,6.204168970105735e+33,5.803433835350456e-06,8.161780352292996e-06
TOI-2796 b,TOI-2796,139.8444991,17.26183028,0.0569,4.8084983,0.0,1.063,1.069,5764.0,0.05538,4.0,1.6302839364201163e+39,1.3363813489714235e+39,1.3446750507606467e+33,5.653768156055888e-06,7.951294899139687e-06
TOI-4734 b,TOI-4734,61.65871096,10.9175472,0.074,6.235633,0.12,1.391,1.857,6070.0,0.62428,3.2,1.6282853029706288e+39,1.4443063488482137e+39,4.8526894319298745e+38,5.23129343105566e-06,7.357138748199607e-06
HATS-49 b,HATS-49,112.19399,8.574885,0.04515,4.1480467,0.071,0.7133,0.6977,4405.0,-0.78489,10.5,1.5191945650740402e+39,1.4594716881760507e+39,1.2766249966852737e+39,5.176935172071829e-06,7.28069087565618e-06
TOI-4551 b,TOI-4551,473.5643264,11.85910158,0.0994,9.95581,0.101,1.31,3.55,4896.0,0.80277,4.92,1.8131260182052966e+39,1.4897464786462382e+39,7.559699832591425e+37,5.07172893070206e-06,7.132731881358708e-06
TOI-5349 b,TOI-5349,127.4,10.2,0.0369,3.317921,0.03,0.61,0.58,3751.0,-1.20066,9.0,1.5967423282258205e+39,1.5479273215147013e+39,1.4275218399177517e+39,4.881101463968111e-06,6.8646389631420265e-06
TOI-4914 b,TOI-4914,227.0,12.87,0.098,10.60057,0.408,1.03,1.0,5805.0,0.00903,5.3,1.629218707286558e+39,1.5550969685192175e+39,1.2645598778836512e+39,4.858597546078538e-06,6.832990108327498e-06
TOI-1431 b,TOI-1431,991.6246298,16.70138124,0.046,2.650237,0.0022,1.9,1.92,7690.0,1.06819,0.29,1.765952654430419e+39,1.5559257062334375e+39,9.423109674425424e+36,4.856009695637788e-06,6.829350630824828e-06
HAT-P-5 b,HAT-P-5,336.89,14.12,0.04075,2.788491,0.0,1.16,1.167,5960.0,0.187,2.6,1.8733191730802902e+39,1.5736698294214523e+39,2.418657170815698e+33,4.801255113303786e-06,6.752345380662503e-06
TOI-5882 b,TOI-5882,6995.403238,11.46678726,0.0804,7.148972,0.0339,1.334,2.26,5920.0,0.75358,4.11,2.834342313762399e+39,1.5813729585826922e+39,3.1072191249431537e+37,4.777867405759457e-06,6.719453589813137e-06
TOI-2567 b,TOI-2567,63.88350981,10.92875618,0.0672,5.983944,0.0,1.13,1.686,5611.0,0.40483,7.6,1.9900826044262172e+39,1.6435954377429917e+39,9.604601898178894e+32,4.596989101854096e-06,6.465071610306739e-06
TOI-1199 b,TOI-1199,75.96098927,10.5140239,0.04988,3.671463,0.03,1.23,1.45,5710.0,0.30428,4.2,1.932625347080025e+39,1.6898577955178933e+39,4.668856052908467e+38,4.471139722645166e-06,6.288080708072443e-06
WASP-174 b,WASP-174,104.8833743,16.10730527,0.05503,4.2337005,0.0,1.24,1.347,6399.0,0.43616,2.2,2.0057130786048442e+39,1.697790009497446e+39,6.694730612878888e+32,4.450250191658353e-06,6.258702279987635e-06
TOI-5422 b,TOI-5422,8899.195396,9.10169233,0.0619,5.377219,0.094,1.066,1.474,5820.0,0.35218,7.6,3.955897154477288e+39,1.762722547000563e+39,5.663126279139172e+38,4.286318529264964e-06,6.0281535636240426e-06
TOI-2570 b,TOI-2570,260.6192937,13.64132951,0.04145,2.9887615,0.0,1.063,1.095,5771.0,0.07882,4.4,2.2282355575210264e+39,1.8544316242057705e+39,2.6711468385362214e+33,4.074342896518284e-06,5.730037206377376e-06
TOI-1294 b,TOI-1294,63.9,10.12369881,0.051,3.915292,0.0,1.1578,1.5566,5718.0,0.36847,6.2,2.2244552779301592e+39,1.8606586326859744e+39,8.281115822898593e+32,4.060707419638114e-06,5.710860668752906e-06
TOI-1601 b,TOI-1601,387.0,14.19902343,0.069,5.33175,0.0,1.5055,2.195,5982.0,0.74772,2.4,2.218295568961799e+39,1.872863480288175e+39,2.627299767919044e+33,4.034245098312813e-06,5.673644830613543e-06
TOI-5210 b,TOI-5210,81.99972901,10.72699453,0.0557,4.5661061,0.066,1.105,1.209,5723.0,0.15229,5.3,2.143137106504436e+39,1.951446588742279e+39,1.0550246333648625e+39,3.871789450323248e-06,5.44517193792652e-06
HATS-36 b,HATS-36,1022.14128,13.843115,0.05425,4.1752387,0.105,1.222,1.155,6149.0,0.21484,0.62,2.0266680021885822e+39,1.967307997137221e+39,1.751714881979957e+39,3.840573172150145e-06,5.40127027330979e-06
TOI-2842 b,TOI-2842,117.5965106,12.84549188,0.0475,3.5514058,0.0,1.135,1.265,5910.0,0.24551,4.7,2.3581578890117182e+39,1.973307251569238e+39,1.259967657583164e+33,3.8288970504482735e-06,5.384849315752416e-06
HAT-P-25 b,HAT-P-25,180.202,13.339,0.0466,3.652836,0.032,1.01,0.959,5500.0,-0.125,3.2,2.122792406769216e+39,1.980267886190233e+39,1.3558905483171658e+39,3.815438490848617e-06,5.365921589439499e-06
HAT-P-43 b,HAT-P-43,210.395,14.359,0.0443,3.332687,0.0,1.048,1.103,5645.0,0.045,5.7,2.5896328267311467e+39,2.140247352558707e+39,2.5710827620512126e+33,3.5302416359159565e-06,4.964829037484078e-06
TOI-4603 b,TOI-4603,4096.808166,11.67975789,0.0888,7.24599,0.325,1.765,2.738,6264.0,1.01703,1.64,2.658082956113659e+39,2.1650158255524424e+39,1.1862110930589164e+39,3.489854543318962e-06,4.908029806512148e-06
TOI-3919 b,TOI-3919,1233.174219,12.31866979,0.0795,7.433234,0.259,1.208,1.319,6100.0,0.33606,3.1,2.3047556485404926e+39,2.167310389180684e+39,1.6481510067454998e+39,3.486159782594828e-06,4.902833602619725e-06
TOI-163 b,TOI-163,387.7526,16.690201,0.058,4.231306,0.0,1.4352,1.648,6495.0,0.63649,1.823,2.549729328269921e+39,2.174989026603417e+39,2.0931093459033852e+33,3.4738521540777023e-06,4.885524512266612e-06
HAT-P-6 b,HAT-P-6,335.932,14.908,0.05235,3.852985,0.0,1.29,1.46,6570.0,0.55267,2.3,2.5971278242691684e+39,2.218494014732536e+39,2.2131217222918454e+33,3.405729411477612e-06,4.789718670781706e-06
TOI-172 b,TOI-172,1722.6386,10.816685,0.0914,9.47725,0.3806,1.128,1.777,5645.0,0.4609,7.4,2.5421926804115914e+39,2.267513863874635e+39,1.3133124667531084e+39,3.3321032499668865e-06,4.686172981198307e-06
HAT-P-18 b,HAT-P-18,62.61,11.153,0.0559,5.508023,0.084,0.77,0.749,4803.0,-0.569,12.4,2.4329834274763827e+39,2.3129063014184293e+39,1.9138802469173694e+39,3.2667083446173547e-06,4.594203490589022e-06
TOI-2236 b,TOI-2236,502.1688831,14.36991326,0.05009,3.5315902,0.0,1.343,1.573,6248.0,0.53275,2.52,2.76046485067016e+39,2.3467244254838304e+39,3.4215379843381196e+33,3.2196325367874793e-06,4.527997445286363e-06
HAT-P-54 b,HAT-P-54,241.5508,10.581296,0.04117,3.799847,0.074,0.645,0.617,4390.0,-0.9017,3.9,2.4156571379454606e+39,2.3832558135489627e+39,2.2885041220683832e+39,3.170280870482987e-06,4.45859069889712e-06
HAT-P-42 b,HAT-P-42,331.801,14.348,0.0575,4.641878,0.0,1.178,1.53,5743.0,0.356,5.2,2.866273341337614e+39,2.383627142124208e+39,3.8070032346053565e+33,3.169786994633883e-06,4.457896126284413e-06
TOI-2421 b,TOI-2421,105.8368595,10.36830715,0.0543,4.3474032,0.0,1.131,1.75,5607.0,0.436,7.5,2.9088397757313926e+39,2.4296115348677413e+39,1.5753505296587163e+33,3.1097935644156143e-06,4.373523113010874e-06
TOI-4961 b,TOI-4961,572.0911326,12.34108775,0.0726,7.479182,0.182,0.912,0.912,5380.0,-0.20135,8.0,2.642714265660029e+39,2.518348499173685e+39,2.070038760043697e+39,3.000216339255972e-06,4.219416894392678e-06
TOI-2025 b,TOI-2025,1144.182265,11.89272852,0.0892,8.8720982,0.394,1.199,1.459,5977.0,0.38739,4.5,2.7062779074477267e+39,2.5456990976240957e+39,1.9208739184225852e+39,2.9679824776672494e-06,4.174084130091854e-06
Kepler-6 b,Kepler-6,212.619,14.83,0.04567,3.234723,0.0,1.209,1.391,5647.0,0.299,3.8,3.1096079672198534e+39,2.5939469630581928e+39,1.9753650642370784e+33,2.9127774864964123e-06,4.096445438057134e-06
HATS-61 b,HATS-61,1080.622,13.394755,0.07908,7.817953,0.092,1.076,1.664,5542.0,0.36922,8.9,3.055148095644915e+39,2.609417112391956e+39,7.067131351828087e+38,2.895508839610435e-06,4.0721593159330005e-06
TOI-559 b,TOI-559,1910.148726,12.22899794,0.0723,6.9839095,0.151,1.026,1.233,5925.0,0.22737,6.8,2.9546347938455334e+39,2.6590398636190458e+39,1.6078718395633122e+39,2.8414731266488886e-06,3.996165062722898e-06
TOI-5232 b,TOI-5232,743.7184724,12.778238,0.05593,4.0966692,0.035,1.389,1.785,6500.0,0.71265,2.37,3.044506040805898e+39,2.680576295284119e+39,5.467750527138177e+38,2.818644008922273e-06,3.964058856327247e-06
K2-140 b,K2-140,323.86877,12.273855,0.0591,6.5693,0.12,1.005,0.987,5654.0,-0.04915,4.22,2.8298964043686555e+39,2.7088217967183243e+39,2.1944689191233017e+39,2.7892533662845854e-06,3.922724712365724e-06
HAT-P-59 b,HAT-P-59,489.4557468,12.58768533,0.05064,4.1419771,0.03,1.008,1.1038,5678.0,0.05385,7.3,3.079601586491619e+39,2.722488432205573e+39,1.0851995101344096e+39,2.7752515771171247e-06,3.903033003807281e-06
TOI-3593 b,TOI-3593,565.7345645,11.02963701,0.0481,3.8212867,0.105,1.015,0.918,5550.0,-0.14146,1.8,2.8066373067989804e+39,2.750466583831382e+39,2.5337894630142084e+39,2.747021308885257e-06,3.8633307766204505e-06
TOI-628 b,TOI-628,2011.8639,11.88154,0.0486,3.4095675,0.072,1.311,1.345,6250.0,0.39445,1.28,2.97547263149408e+39,2.786090107872319e+39,2.1596809584385035e+39,2.711897326584206e-06,3.8139334307090034e-06
TOI-1811 b,TOI-1811,308.9292116,11.14172682,0.04389,3.7130765,0.052,0.817,0.769,4766.0,-0.56019,5.9,2.8850399837898673e+39,2.7929590904501855e+39,2.4751380287779242e+39,2.7052277066986293e-06,3.8045534715186745e-06
TOI-3819 b,TOI-3819,352.7895318,13.13692538,0.04611,3.2443141,0.0,1.242,1.538,5859.0,0.39967,4.5,3.5755605122500914e+39,3.01474230779715e+39,3.6709121045646316e+33,2.506214310795425e-06,3.5246668267133598e-06
HATS-3 b,HATS-3,340.382,15.48,0.0485,3.547851,0.0,1.209,1.404,6351.0,0.456,3.2,3.632581224063216e+39,3.0899413152398166e+39,2.8172030531148436e+33,2.445221298507166e-06,3.438888030324029e-06
NGTS-23 b,NGTS-23,194.8288135,14.20177855,0.0504,4.0764326,0.0,1.01,1.24,6057.0,0.2833,6.39,3.7975207115323865e+39,3.1820367158486043e+39,2.5715487372542877e+33,2.374451016712004e-06,3.339358766810489e-06
TOI-6130 b,TOI-6130,333.7198274,14.3474953,0.036,2.392679,0.036,1.31,1.51,6110.0,0.4609,0.3,3.336897316224652e+39,3.2589736800792756e+39,2.798405898091202e+39,2.3183956229366826e-06,3.2605240933162165e-06
TOI-1107 b,TOI-1107,1064.725163,14.57167491,0.0561,4.0782387,0.025,1.35,1.81,6311.0,0.67117,2.6,3.773909950426674e+39,3.287452300836278e+39,5.499019801539458e+38,2.2983117696459404e-06,3.23227874688214e-06
TOI-169 b,TOI-169,251.40353,12.172974,0.03524,2.2554477,0.0,1.147,1.288,5880.0,0.25261,4.7,3.9116951458394945e+39,3.314272115018183e+39,2.6936200333331886e+33,2.2797133285841237e-06,3.2061224409521957e-06
Kepler-7 b,Kepler-7,137.615,16.567,0.06224,4.885525,0.0,1.347,1.843,5933.0,0.618,3.5,4.010980742480904e+39,3.374333209753233e+39,1.209886559399462e+33,2.239135807134527e-06,3.1490553963871796e-06
NGTS-24 b,NGTS-24,165.2707716,13.60770257,0.0479,3.4678796,0.0,1.26,1.64,5820.0,0.44592,4.77,4.189766955639817e+39,3.5339475753426825e+39,1.770709650796958e+33,2.1380029426240113e-06,3.006825080689406e-06
TOI-1420 b,TOI-1420,25.1,11.89,0.071,6.9561063,0.17,0.987,0.923,5510.0,-0.15181,10.7,3.711068728502509e+39,3.543913832362981e+39,2.886488009432063e+39,2.131990413018533e-06,2.9983692341347934e-06
TOI-2981 b,TOI-2981,638.0,13.4,0.048,3.601501,0.035,1.03,1.08,5940.0,0.11594,4.5,3.853000495588246e+39,3.5456774948148854e+39,2.061001289184146e+39,2.130929935452607e-06,2.9968778093667707e-06
HAT-P-69 b,HAT-P-69,1137.8314,18.786284,0.06555,4.7869491,0.0,1.648,1.926,7394.0,1.0,1.27,4.081240264235011e+39,3.54723884648243e+39,4.74430954122195e+33,2.129991985922809e-06,2.995558704460789e-06
TOI-5344 b,TOI-5344,130.9453037,10.60369574,0.04041,3.792622,0.054,0.612,0.588,3747.0,-1.21254,10.9,3.651778083512612e+39,3.599114123294161e+39,3.4720950932207516e+39,2.099291674654162e-06,2.952382680673729e-06
HATS-59 b,HATS-59,256.17098,12.621334,0.06112,5.416081,0.129,1.038,1.036,5670.0,-0.00436,4.3,3.8509963385209837e+39,3.717515467488727e+39,3.1422794087900485e+39,2.0324300951101713e-06,2.8583505021863416e-06
KELT-7 b,KELT-7,406.8224,17.183397,0.04415,2.7347749,0.0,1.535,1.732,6789.0,0.758,1.3,4.398648781361787e+39,3.8256518871623373e+39,1.750096412487124e+33,1.9749811373365637e-06,2.777555960864923e-06
WASP-178 b,WASP-178,448.1403,21.74546,0.0545,3.3448412,0.0,1.93,1.801,8640.0,1.21484,0.43,4.37788181359813e+39,3.910872790853528e+39,7.236264937896099e+32,1.9319447906442072e-06,2.717030896078528e-06
K2-132 b,K2-132,157.32585,12.206601,0.0916,9.1708,0.29,1.19,4.11,4878.0,0.94349,5.5,4.5202018973454835e+39,3.9353504848304384e+39,1.1773559015340807e+39,1.9199281853766553e-06,2.7001310923491304e-06
Qatar-8 b,Qatar-8,117.91493,14.403565,0.0474,3.71495,0.0,1.029,1.315,5738.0,0.22789,8.3,5.0486617584773824e+39,4.2079524453445856e+39,1.898453495484618e+33,1.795550309395886e-06,2.525209669405316e-06
NGTS-26 b,NGTS-26,92.80589484,14.88552637,0.049,4.5199279,0.0,0.96,1.16,5550.0,0.10106,11.5,5.2204884312008523e+39,4.290006179057213e+39,2.0432316697840584e+33,1.7612073269372513e-06,2.4769106989298304e-06
TOI-2818 b,TOI-2818,225.658169,15.27784069,0.0493,4.039709,0.0,0.977,1.229,5721.0,0.16435,9.5,5.192453875318179e+39,4.304112208409098e+39,4.070754422854279e+33,1.755435255707325e-06,2.468793026032539e-06
HAT-P-49 b,HAT-P-49,549.823,15.838,0.0438,2.691548,0.0,1.543,1.833,6820.0,0.814,1.5,4.985659048989459e+39,4.3475944752116784e+39,2.643530516485941e+33,1.737878350485707e-06,2.444101505779131e-06
TOI-3912 b,TOI-3912,129.0383332,14.28024141,0.0463,3.4936264,0.0,1.088,1.392,5725.0,0.27323,7.5,5.2170907338792836e+39,4.3619400592356883e+39,1.9206976427045053e+33,1.732162801999979e-06,2.436063324823359e-06
HAT-P-44 b,HAT-P-44,111.871,13.922,0.0507,4.301219,0.044,0.942,0.949,5295.0,-0.194,7.5,4.724666334907597e+39,4.447722555838995e+39,3.314349174820879e+39,1.698754861685926e-06,2.3890793703919484e-06
KELT-6 b,KELT-6,136.661,13.372,0.07939,7.8457,0.22,1.085,1.58,6102.0,0.493,6.1,4.8172488659718527e+39,4.4639861014023714e+39,2.718010109509131e+39,1.692565824250223e-06,2.380375288364747e-06
HATS-7 b,HATS-7,38.1396,6.310667,0.04012,3.185315,0.17,0.849,0.815,4985.0,-0.43415,7.8,4.6755876808929464e+39,4.6188013500889495e+39,4.398727472927274e+39,1.6358335729282097e-06,2.3005887021266364e-06
TOI-1408 b,TOI-1408,593.0,25.0,0.05778,4.42587,0.0023,1.312,1.53,6117.0,0.47129,2.7,5.887097999624996e+39,4.963764636069616e+39,5.238660886596484e+37,1.5221491889962525e-06,2.1407062950099282e-06
HATS-68 b,HATS-68,410.0007,13.809488,0.05071,3.5862202,0.036,1.351,1.748,6147.0,0.59218,3.02,5.529766553568956e+39,5.022290709699155e+39,2.1138460143618386e+39,1.504411184436243e-06,2.1157600819205483e-06
TOI-1295 b,TOI-1295,451.3163379,15.69257298,0.047,3.1968838,0.024,1.38,1.7,6280.0,0.58659,2.0,5.534188109535739e+39,5.051203824807544e+39,2.1768512829159628e+39,1.4957999275448997e-06,2.103649460985026e-06
KELT-12 b,KELT-12,301.9385,19.95202,0.06708,5.031623,0.0,1.591,2.37,6279.0,0.89209,2.2,5.918091335745614e+39,5.0653858334893153e+39,1.9272805939432215e+33,1.491612004204809e-06,2.0977596875502267e-06
TOI-2420 b,TOI-2420,294.6269333,15.02003414,0.0684,5.842641,0.055,1.158,2.369,,0.68664,5.3,5.829415941931826e+39,5.067324257618779e+39,9.869370342273084e+38,1.491041411806582e-06,2.09695722301679e-06
KELT-21 b,KELT-21,1242.7153,17.777474,0.05224,3.6127647,0.0,1.458,1.638,7598.0,0.90472,1.6,5.818818380807353e+39,5.0901217922826675e+39,6.276362852760084e+33,1.484363365650105e-06,2.0875654133644363e-06
TOI-2977 b,TOI-2977,533.9517238,13.15934334,0.03386,2.3505614,0.0,0.936,1.073,5691.0,0.03703,9.8,6.287713770408436e+39,5.25950776492593e+39,9.910673067535453e+33,1.4365584485961968e-06,2.0203339700804755e-06
TOI-6330 b,TOI-6330,3179.0,10.89,0.05763,6.8500246,0.34,0.531,0.49,3539.0,-1.43168,7.6,5.679238503716389e+39,5.458051733367615e+39,5.432260956566231e+39,1.3843017040257787e-06,1.9468416062127866e-06
HATS-2 b,HATS-2,427.463,13.092,0.023,1.354133,0.0,0.882,0.898,5227.0,-0.268,9.7,6.612110494399513e+39,5.493161212243805e+39,7.859093869901584e+33,1.3754539550597668e-06,1.934398389710008e-06
Kepler-8 b,Kepler-8,191.643,15.906,0.0483,3.52254,0.0,1.213,1.486,6213.0,0.605,3.84,6.537316202558074e+39,5.554910104147235e+39,1.7558348242595518e+33,1.3601642823203787e-06,1.9128954391986767e-06
HATS-56 b,HATS-56,191.33366,18.920792,0.06043,4.324799,0.019,1.573,2.201,6536.0,0.89763,1.894,6.417589932241237e+39,5.632257216314279e+39,6.998760770272819e+38,1.3414853095267522e-06,1.886625875786168e-06
TOI-4214 b,TOI-4214,165.2707716,10.68215861,0.05018,3.4913885,0.17,1.382,1.434,6370.0,0.48287,1.1,6.034744081663346e+39,5.946179506226447e+39,5.443527736528056e+39,1.2706630042449827e-06,1.7870234479559667e-06
Qatar-7 b,Qatar-7,597.5204,19.0553,0.0352,2.032046,0.0,1.409,1.564,6387.0,0.56348,1.69,7.069311473617758e+39,6.119369077205658e+39,3.131983112665936e+33,1.2347008686411542e-06,1.736447347646192e-06
NGTS-6 b,NGTS-6,425.57437,14.863134,0.01677,0.882059,0.0,0.767,0.754,4730.0,-0.59176,9.77,7.660384639758334e+39,6.277575236241075e+39,7.807809319983583e+33,1.2035841914792927e-06,1.6926857589913283e-06
K2-97 b,K2-97,174.4877954,13.45077684,0.0854,8.407115,0.207,1.17,4.14,4673.0,0.86688,7.5,7.471782929420387e+39,6.5159351014153e+39,2.133917455904026e+39,1.159555796300139e-06,1.630765506101169e-06
TOI-3023 b,TOI-3023,197.0536123,16.43236571,0.0505,3.9014971,0.0,1.12,1.668,5760.0,0.44404,7.0,8.031383147722645e+39,6.750762119924435e+39,2.786513127249286e+33,1.1192203459312856e-06,1.5740389032550944e-06
HATS-57 b,HATS-57,1000.21101,12.767051,0.03493,2.350621,0.028,1.026,0.96,5587.0,-0.0942,2.5,6.955143885285919e+39,6.758039782903405e+39,5.889669617139231e+39,1.1180150691441466e-06,1.572343837078855e-06
Kepler-5 b,Kepler-5,671.864,16.04,0.05064,3.54846,0.024,1.374,1.793,6297.0,0.669,3.0,7.560547450975141e+39,6.768905571760873e+39,2.0796910533000262e+39,1.1162203749277776e-06,1.5698198313937535e-06
HAT-P-70 b,HAT-P-70,2154.8874,20.96083,0.04739,2.74432452,0.0,1.89,1.858,8450.0,1.22272,0.6,7.690100423937708e+39,6.843338152656781e+39,4.847246598291507e+33,1.1040796387108747e-06,1.552745453511834e-06
HATS-16 b,HATS-16,1039.3041,14.5717,0.03744,2.686502,0.0,0.97,1.238,5738.0,0.17319,9.5,8.373970129750702e+39,7.020467761354214e+39,1.8748498139970228e+34,1.0762232050623657e-06,1.5135689763971218e-06
TOI-1181 b,TOI-1181,377.0,16.1966394,0.0364,2.10319365,0.0,1.4577,1.9322,6046.0,0.65312,2.4,8.334642012342573e+39,7.206506919969892e+39,2.5594108850270795e+33,1.0484400277510885e-06,1.4744955248618961e-06
TOI-640 b,TOI-640,279.6904,19.851139,0.06608,5.0037775,0.05,1.536,2.082,6460.0,0.83442,1.99,7.902439046422514e+39,7.214631543415002e+39,3.1206530525867735e+39,1.047259346467644e-06,1.4728350490858412e-06
Kepler-427 b,Kepler-427,92.17,13.79,0.091,10.290994,0.57,0.96,1.35,5800.0,0.29,7.0,7.648181899369612e+39,7.418721823867494e+39,6.426385029661521e+39,1.0184490663679852e-06,1.4323171100978707e-06
TOI-3807 b,TOI-3807,330.5415433,18.49481816,0.0421,2.8989727,0.0,1.181,1.468,5772.0,0.33244,5.6,9.058029094719968e+39,7.634215304916956e+39,3.990171971449026e+33,9.897009729729954e-07,1.391886628680494e-06
Kepler-435 b,Kepler-435,266.97,22.31,0.0948,8.6001536,0.114,1.538,3.21,6161.0,1.129,2.25,8.738034430508998e+39,7.768794720128211e+39,2.2004303738550812e+39,9.72556308584886e-07,1.3677748719310386e-06
Qatar-10 b,Qatar-10,233.92288,17.295487,0.0286,1.645321,0.0,1.156,1.254,6124.0,0.29951,3.2,9.091458059537933e+39,7.817395472429384e+39,1.936084316237102e+33,9.665099254360251e-07,1.3592714147388144e-06
MASCARA-1 b,MASCARA-1,1175.971,16.8135,0.043,2.14878,0.0,1.72,2.1,7554.0,1.17551,1.0,8.945216289592079e+39,7.940223534738328e+39,4.0943107786135437e+33,9.51558892782562e-07,1.3382447177832597e-06
HD 2685 b,HD 2685,371.8611,16.14096,0.0568,4.12688,0.091,1.43,1.56,6801.0,0.66839,1.31,8.224551977724433e+39,7.952132838724859e+39,6.301181627173186e+39,9.501338154674487e-07,1.3362405305449834e-06
HAT-P-13 b,HAT-P-13,271.098,14.359,0.0427,2.91626,0.021,1.22,1.56,5653.0,0.346,5.0,8.961654378969075e+39,8.185134766549335e+39,4.072085135740278e+39,9.230868557032822e-07,1.2982024739296448e-06
TOI-4377 b,TOI-4377,304.1617855,15.10970598,0.0579,4.378081,0.045,1.36,3.52,4974.0,0.82217,3.88,9.33289212430032e+39,8.247742655419394e+39,2.4929911862856653e+39,9.160797845937941e-07,1.2883479331644554e-06
NGTS-13 b,NGTS-13,1538.2972,12.800678,0.0549,4.119027,0.086,1.3,1.788,5819.0,0.5172,4.23,8.779600051252725e+39,8.271392369338987e+39,5.789246530005346e+39,9.134605127873355e-07,1.2846642655680318e-06
HATS-24 b,HATS-24,718.2958,15.636555,0.0238,1.3484978,0.0,1.07,1.12,6125.0,0.19,3.7,9.648707106303721e+39,8.314755072968802e+39,6.555327012169868e+33,9.086966782370781e-07,1.2779645473775655e-06
HAT-P-19 b,HAT-P-19,92.802,12.689,0.0466,4.008778,0.067,0.842,0.82,4990.0,-0.432,8.8,9.004240080629325e+39,8.805739758580452e+39,8.063559783295349e+39,8.580301624062145e-07,1.2067086349023417e-06
TIC 257060897 b,TIC 257060897,212.9450327,16.70138124,0.051,3.660028,0.03,1.32,1.82,,0.61,3.47,9.854329789808501e+39,8.931662952147238e+39,3.944911986716687e+39,8.459332103821969e-07,1.1896958338343175e-06
TOI-2382 b,TOI-2382,235.1930212,12.25141591,0.059,4.6612061,0.18,1.26,1.417,6033.0,0.37967,3.1,9.293065974775874e+39,9.087945070315622e+39,8.043215845646706e+39,8.3138600164308e-07,1.1692370630727036e-06
TOI-150.01,TOI-150,797.7533,14.067295,0.07037,5.857487,0.262,1.351,1.526,6255.0,0.49651,2.346,9.335758909231789e+39,9.140939517103258e+39,8.179347991453985e+39,8.265660549470513e-07,1.1624584303943884e-06
TOI-157 b,TOI-157,375.0394,14.414774,0.03138,2.0845435,0.0,0.948,1.167,5404.0,0.01995,12.82,1.1041813058815542e+40,9.215639847224336e+39,1.117276484153361e+34,8.198660581812251e-07,1.1530357500442394e-06
CoRoT-19 b,CoRoT-19,352.78,14.46,0.0518,3.89713,0.047,1.21,1.65,6090.0,0.544,5.0,1.0195144070176467e+40,9.385279136404185e+39,4.878829145624127e+39,8.050469469634171e-07,1.132194583554289e-06
TOI-3894 b,TOI-3894,260.6192937,15.27784069,0.05354,4.33454,0.05,1.138,1.502,6000.0,0.41896,5.7,1.0153639425188358e+40,9.398746261174727e+39,5.405764207996346e+39,8.038934242083997e-07,1.1305723027417679e-06
HAT-P-46 b,HAT-P-46,156.684,14.392,0.0577,4.463129,0.123,1.284,1.396,6120.0,0.391,2.5,9.891411576146472e+39,9.651099201937667e+39,8.399482962319093e+39,7.828735522317184e-07,1.1010105668842881e-06
WASP-72 b,WASP-72,491.3763,14.24,0.03708,2.2167421,0.0,1.386,1.98,6250.0,0.724,3.7,1.126924700006041e+40,9.794880791690028e+39,4.484409253861828e+33,7.713815487751319e-07,1.0848485478656312e-06
TOI-5322 b,TOI-5322,184.0226477,16.6117094,0.0604,5.4233207,0.055,0.998,1.462,5692.0,0.3075,9.7,1.0850198774763832e+40,9.845764729406781e+39,5.0443356765039257e+39,7.673949685792338e-07,1.0792419375657902e-06
Kepler-433 b,Kepler-433,896.24,16.25,0.0679,5.33408384,0.119,1.46,2.26,6360.0,0.88,2.67,1.0809712232157262e+40,1.0147080445952077e+40,6.277120592439832e+39,7.446073139368633e-07,1.0471940436444311e-06
NGTS-27 b,NGTS-27,188.4722454,15.64773706,0.0446,3.3704181,0.0,1.07,1.77,5700.0,0.51375,7.9,1.2371845897976323e+40,1.0463501903000804e+40,2.919006562787324e+33,7.220900216011615e-07,1.0155263793983252e-06
WASP-121 b,WASP-121,375.99289,20.904785,0.02544,1.2749255,0.0,1.353,1.458,6459.0,0.51851,1.5,1.302912016770974e+40,1.1412366683103423e+40,1.807761186230372e+33,6.620528874477957e-07,9.310919021831078e-07
TOI-5301 b,TOI-5301,1160.073686,13.19297028,0.0726,5.858858,0.33,1.483,2.19,6240.0,0.81624,2.43,1.181369597501897e+40,1.1483078674548037e+40,9.742217226494379e+39,6.579760122961123e-07,9.253583036868046e-07
TOI-954 b,TOI-954,55.30242,9.550068,0.04963,3.6849729,0.14,1.201,1.892,5710.0,0.53529,6.14,1.2036601393447133e+40,1.1564073233783436e+40,8.997122755214958e+39,6.533675602372219e-07,9.188771109075188e-07
TOI-5261 b,TOI-5261,3651.848396,11.60129502,0.05134,4.1509768,0.1585,1.037,1.021,5790.0,0.02078,4.2,1.2405616954518507e+40,1.1992760378249706e+40,1.1271309670763845e+40,6.300126140154191e-07,8.86031394628157e-07
TOI-5340 b,TOI-5340,270.154146,15.07607904,0.0628,4.9394392,0.13,1.35,1.842,5990.0,0.5955,3.5,1.3054839859188697e+40,1.2565874616506763e+40,9.956110229586504e+39,6.01278505933561e-07,8.456205817479218e-07
HAT-P-45 b,HAT-P-45,283.492,15.984,0.0452,3.128992,0.049,1.259,1.319,6330.0,0.4,2.0,1.3143465312945434e+40,1.277696538347706e+40,1.069366961079269e+40,5.913446650589191e-07,8.316499172114214e-07
TOI-1296 b,TOI-1296,94.71286529,13.79825524,0.0497,3.9443715,0.055,1.17,1.664,5603.0,0.39005,6.9,1.3727214596612134e+40,1.2895778632962722e+40,8.637971590942455e+39,5.85896403017411e-07,8.239876401275234e-07
HATS-47 b,HATS-47,117.27927,12.520453,0.04269,3.9228038,0.088,0.674,0.6564,4512.0,-0.79615,8.1,1.370163722293863e+40,1.359734437838191e+40,1.3267151758391733e+40,5.556666143702366e-07,7.814733456538656e-07
Kepler-91 b,Kepler-91,279.68,15.513,0.072,6.24658,0.066,1.31,6.3,4550.0,1.225,4.86,1.6111565181005578e+40,1.380340198032642e+40,1.347628443419137e+39,5.473716063569259e-07,7.698074879313636e-07
HAT-P-28 b,HAT-P-28,198.953,13.585,0.0434,3.257215,0.051,1.025,1.103,5680.0,0.053,6.1,1.5364461704355425e+40,1.491249971265102e+40,1.2731870138624104e+40,5.066615564627209e-07,7.125540592210276e-07
K2-237 b,K2-237,434.153604,16.06246934,0.03552,2.18053332,0.03,1.256,1.236,6180.0,0.3032,1.09,1.5324847234208313e+40,1.506592443669173e+40,1.3575949415039525e+40,5.015019388229952e-07,7.052977232185831e-07
HD 118203 b,HD 118203,688.4163296,12.73340208,0.07071,6.134985,0.314,1.251,2.102,5683.0,0.61805,5.32,1.5674604115340395e+40,1.5204409022585465e+40,1.2875684674375323e+40,4.969341658684763e-07,6.988737403471258e-07
TOI-2107 b,TOI-2107,263.7975778,13.57407563,0.03515,2.4545467,0.033,0.961,0.932,5627.0,-0.10458,4.0,1.6217408713666763e+40,1.5902874293459514e+40,1.438876617912607e+40,4.751084725777582e-07,6.681787208587888e-07
TOI-2986 b,TOI-2986,96.61983573,9.292245,0.04489,3.2783662,0.14,1.122,1.458,5906.0,0.36773,6.3,1.6878096004769193e+40,1.649494283711973e+40,1.4424186241400544e+40,4.580549559807366e-07,6.44195151708531e-07
HAT-P-52 b,HAT-P-52,259.98494,11.309881,0.03694,2.7535953,0.047,0.887,0.893,5131.0,-0.30452,9.4,1.723013195372086e+40,1.690189588096917e+40,1.552531578756594e+40,4.470262015794881e-07,6.286846326716686e-07
TOI-4794 b,TOI-4794,308.2935548,14.35870428,0.0492,3.5658116,0.1,1.25,1.451,6390.0,0.49969,2.7,2.1126368986381675e+40,2.0707217512856464e+40,1.8292449930636006e+40,3.64877140565632e-07,5.131525854105973e-07
HAT-P-63 b,HAT-P-63,195.1466419,12.5428494,0.04294,3.377728,0.069,0.925,0.9661,5400.0,-0.1463,9.0,2.1451604439410484e+40,2.105519226992351e+40,1.9313862759861706e+40,3.588468924102156e-07,5.046718200033086e-07
HATS-77 b,HATS-77,436.6962312,13.05846252,0.03607,3.0876262,0.045,0.655,0.6428,4071.0,-0.99183,12.1,2.172489813463087e+40,2.1559222983444613e+40,2.109175208573212e+40,3.5045745020419354e-07,4.928731527820645e-07
K2-260 b,K2-260,546.66486,18.41635529,0.04392,2.62669762,0.053,1.637,1.755,6860.0,0.78817,0.65,2.2492844498476416e+40,2.213932513305764e+40,1.9754117044014678e+40,3.4127464454098967e-07,4.799587222970763e-07
HATS-75 b,HATS-75,156.0537478,9.90873894,0.032742,2.7886556,0.064,0.6017,0.5848,3790.4,-1.19661,14.9,2.2410349965611893e+40,2.2316176163815533e+40,2.207156838812532e+40,3.385701143286646e-07,4.761551497613338e-07
HATS-66 b,HATS-66,1694.0339,15.815899,0.04714,3.1414391,0.064,1.411,1.841,6626.0,0.76716,2.17,2.386352883307569e+40,2.308112451727886e+40,1.825315940192388e+40,3.273493156499122e-07,4.603745452448448e-07
HAT-P-58 b,HAT-P-58,118.2321674,14.93036229,0.04994,4.0138379,0.073,1.031,1.53,6078.0,0.45637,7.11,2.432664372148783e+40,2.3237642689627455e+40,1.724225846715419e+40,3.251444398245361e-07,4.5727367208916525e-07
TOI-4773 b,TOI-4773,1687.668841,15.22179579,0.03216,1.7452851,0.024,1.452,1.55,6740.0,0.64836,1.07,2.395867381012459e+40,2.3400044582150245e+40,1.975910406148692e+40,3.228878598344686e-07,4.54100083701869e-07
K2-34 b,K2-34,539.67534,15.434793,0.0465,2.995629,0.054,1.226,1.58,6149.0,0.4843,4.24,2.4872685133874696e+40,2.4044696346564464e+40,1.931494713332774e+40,3.1423105562492147e-07,4.4192540634434515e-07
HATS-29 b,HATS-29,207.54299,14.022459,0.05475,4.6058749,0.158,1.032,1.073,5670.0,0.02938,5.5,2.4466860434331516e+40,2.419301112869878e+40,2.2961544895759054e+40,3.1230466827665293e-07,4.3921619127339316e-07
TIC 46432937 b,TIC 46432937,1017.050902,13.31626907,0.02065,1.44044527,0.009,0.563,0.5299,3572.0,-1.3851,7.4,2.6102731476459034e+40,2.595087659839916e+40,2.5591178114912885e+40,2.911497145968367e-07,4.0946448044215116e-07
TOI-2346 b,TOI-2346,394.1072247,16.11851425,0.0473,3.3312029,0.086,1.271,1.38,6480.0,0.48144,1.9,2.6395964506584486e+40,2.6013981504088256e+40,2.3788088080940356e+40,2.9044344149988103e-07,4.0847119852499156e-07
HATS-64 b,HATS-64,305.1168,18.819911,0.06562,4.908897,0.151,1.564,2.113,6554.0,0.86747,1.861,2.6864159300211476e+40,2.624341729177187e+40,2.246576094439321e+40,2.879042096979709e-07,4.0490009686023105e-07
TOI-778 b,TOI-778,878.0,15.4,0.06,4.633611,0.21,1.4,1.71,6643.0,0.76042,1.95,2.7159479226597396e+40,2.673602350330458e+40,2.426423915190767e+40,2.825996287079779e-07,3.974398886232472e-07
HATS-46 b,HATS-46,54.98459,10.121727,0.05367,4.7423729,0.559,0.917,0.853,5495.0,-0.22988,3.0,2.6793047383133694e+40,2.6745101003152234e+40,2.6548021408504567e+40,2.82503712147923e-07,3.9730499436623905e-07
HATS-45 b,HATS-45,222.481,14.414774,0.05511,4.1876244,0.24,1.272,1.315,6450.0,0.42488,1.52,2.808056957097428e+40,2.79147469590343e+40,2.7001637129632225e+40,2.706666238547565e-07,3.8065765808215277e-07
TOI-3321 b,TOI-3321,176.0769375,15.55806521,0.047,3.6525145,0.054,1.041,1.549,5850.0,0.40483,8.1,3.008020888196549e+40,2.8700003153247204e+40,2.1292844378641415e+40,2.632609576667166e-07,3.7024254480542243e-07
HAT-P-2 b,HAT-P-2,2888.95,12.969,0.06878,5.6334729,0.5171,1.36,1.64,6290.0,0.577,2.6,2.9925863949903566e+40,2.956815290821189e+40,2.8421340314257206e+40,2.5553135965632974e-07,3.593718632465124e-07
TOI-1994 b,TOI-1994,7024.007795,13.67495645,0.0613,4.0337142,0.341,1.86,2.3,7700.0,1.22272,0.94,3.421178230255698e+40,3.305150209720448e+40,3.0358855644273317e+40,2.2860051240456943e-07,3.2149710388747034e-07
HATS-12 b,HATS-12,756.4354,15.13215,0.04795,3.142833,0.085,1.489,2.21,6408.0,0.86332,2.36,3.4909012126406254e+40,3.4016419052141617e+40,2.821306868999873e+40,2.2211598180220435e-07,3.1237744887532184e-07
TOI-2580 b,TOI-2580,200.2318964,17.37392009,0.048,3.39775,0.08,1.33,1.81,6120.0,0.61595,2.0,3.520864057022803e+40,3.459479600334963e+40,3.0990194794103236e+40,2.184025110143756e-07,3.071549316941495e-07
TOI-3877 b,TOI-3877,99.7981198,11.67975789,0.0529,4.123596,0.22,1.16,1.445,5731.0,0.3075,5.9,3.5483161197819455e+40,3.5102324214134244e+40,3.3207273019859695e+40,2.152447304933536e-07,3.0271392112272896e-07
TOI-2154 b,TOI-2154,292.4021344,16.28664896,0.0513,3.8240801,0.117,1.233,1.396,6280.0,0.43457,2.9,3.875206660439996e+40,3.827747168972953e+40,3.565202435479309e+40,1.9739000465876988e-07,2.7760355463166627e-07
HAT-P-51 b,HAT-P-51,98.20947,14.493237,0.05069,4.2180278,0.123,0.976,1.041,5449.0,-0.06601,8.2,4.0190728677247753e+40,3.9770699887026364e+40,3.794620061670073e+40,1.899788119551389e-07,2.671806690243387e-07
TOI-4201 b,TOI-4201,816.819006,12.66614819,0.03924,3.5819134,0.083,0.626,0.616,3926.0,-1.09205,16.8,4.1190745100008546e+40,4.102747824043603e+40,4.062690001422496e+40,1.8415926689140195e-07,2.5899623030959564e-07
HATS-43 b,HATS-43,82.95363,13.22662,0.04944,4.3888497,0.173,0.837,0.812,5099.0,-0.39794,8.6,4.187877497348861e+40,4.167783993104443e+40,4.0919024757953847e+40,1.81285554329646e-07,2.54954724644138e-07
TOI-3474 b,TOI-3474,193.8753283,14.67255574,0.0502,3.8795105,0.13,1.121,1.256,6020.0,0.26951,4.7,4.2192743721030295e+40,4.171961325624909e+40,3.9281331569166445e+40,1.8110403537908899e-07,2.546994416778361e-07
TOI-3135 b,TOI-3135,327.3632592,13.65253849,0.04756,3.7065585,0.24,1.044,0.985,5890.0,0.02119,1.8,4.550419622605183e+40,4.539756241002699e+40,4.489540580987788e+40,1.6643163011529526e-07,2.340645981695909e-07
TOI-3757 b,TOI-3757,85.3,12.0,0.03845,3.438753,0.14,0.64,0.62,3913.0,-1.06048,7.1,4.609763037305013e+40,4.603331143104164e+40,4.586298817419935e+40,1.6413310449064684e-07,2.3083201866326062e-07
HAT-P-68 b,HAT-P-68,230.10892,12.016048,0.02996,2.29840551,0.041,0.6785,0.6701,4508.0,-0.77911,11.1,4.767214013575639e+40,4.741411374758432e+40,4.651381815168913e+40,1.5935319081117678e-07,2.241096872536876e-07
TOI-2992 b,TOI-2992,1058.368595,13.75341932,0.0434,3.007812,0.089,1.21,1.545,6000.0,0.4456,4.6,5.196992729559608e+40,5.119634772903255e+40,4.692819278917819e+40,1.475806507751529e-07,2.0755312975882643e-07
HAT-P-64 b,HAT-P-64,184.3404761,19.08889413,0.05387,4.007232,0.101,1.298,1.735,6457.0,0.66839,2.88,5.25968338861371e+40,5.165701182309898e+40,4.602808694280792e+40,1.4626456406413895e-07,2.0570222373239134e-07
TOI-3486 b,TOI-3486,99.16246298,10.5700688,0.03138,2.21778105,0.078,0.837,0.788,4930.0,-0.4828,5.8,5.618951322075444e+40,5.602214837479239e+40,5.534541854612424e+40,1.348679144650822e-07,1.8967430760229692e-07
HATS-33 b,HATS-33,378.85336,13.78707,0.03727,2.5495551,0.08,1.062,1.022,5659.0,-0.01773,3.0,5.826027010212068e+40,5.799795431712795e+40,5.672182743037098e+40,1.3027339333122526e-07,1.8321270687031514e-07
HAT-P-21 b,HAT-P-21,1291.289,11.478,0.0494,4.124481,0.228,0.947,1.105,5588.0,0.025,10.2,5.909062762594615e+40,5.865076233085676e+40,5.678464305908372e+40,1.2882339486978112e-07,1.8117347125753327e-07
HATS-25 b,HATS-25,194.82979,14.12334,0.05163,4.2986432,0.176,0.994,1.107,5715.0,0.06819,7.5,5.947970694511385e+40,5.902670189484662e+40,5.691976481328074e+40,1.2800292194237084e-07,1.800195820242771e-07
HAT-P-50 b,HAT-P-50,429.0705,14.437192,0.0453,3.1220109,0.115,1.273,1.698,6280.0,0.60314,3.37,6.568273604719814e+40,6.492068811293543e+40,6.032998727624775e+40,1.1638185815310538e-07,1.6367605631192738e-07
TOI-3464 b,TOI-3464,397.2855088,13.7646283,0.0515,3.6515568,0.25,1.363,1.56,6370.0,0.55871,2.1,6.566004491848738e+40,6.534627016118145e+40,6.354082240345041e+40,1.1562389554178406e-07,1.6261007976694253e-07
HATS-41 b,HATS-41,3082.951,14.90797,0.0583,4.193649,0.38,1.496,1.71,6424.0,0.65321,1.34,7.125971171981983e+40,7.089123847554265e+40,6.958012267667174e+40,1.0658002988293553e-07,1.4989105045820057e-07
Kepler-425 b,Kepler-425,79.45,10.962,0.0464,3.79701816,0.33,0.93,0.86,5170.0,-0.323,5.0,7.120147056536079e+40,7.109720744077803e+40,7.068430668711512e+40,1.0627126700377422e-07,1.4945681533600347e-07
Kepler-428 b,Kepler-428,403.63,12.11,0.0433,3.52563254,0.22,0.87,0.8,5150.0,-0.39,5.0,7.439251304613959e+40,7.426385968625688e+40,7.37685036729386e+40,1.0173980112374724e-07,1.4308389367686355e-07
HATS-50 b,HATS-50,123.9537,12.66617,0.05046,3.8297015,0.516,1.168,1.117,5990.0,0.14301,1.2,8.11715720290231e+40,8.110268112663104e+40,8.076166866563652e+40,9.316079579865672e-08,1.310186304049661e-07
TOI-3980 b,TOI-3980,187.5187601,14.4595851,0.0494,3.6089254,0.16,1.24,1.626,5840.0,0.44248,4.7,8.445711011492678e+40,8.377252554462474e+40,8.010904396075817e+40,9.019174563546926e-08,1.2684304471304922e-07
HATS-39 b,HATS-39,200.2329,17.59813,0.06007,4.5776348,0.275,1.379,1.621,6572.0,0.64048,2.06,8.654676109302097e+40,8.610581315258601e+40,8.353483238639851e+40,8.77477377952702e-08,1.2340586325515427e-07
HAT-P-61 b,HAT-P-61,335.9446262,10.07687365,0.0301,1.90231289,0.113,1.004,0.938,5587.0,-0.1152,2.6,8.918300070082432e+40,8.903539934750575e+40,8.830933180683917e+40,8.486052031588162e-08,1.1934536466679607e-07
HAT-P-60 b,HAT-P-60,182.4335056,18.28184752,0.06277,4.7947813,0.25,1.435,2.197,6212.0,0.80889,2.765,9.492240967117159e+40,9.406354760275928e+40,8.903455319643917e+40,8.032431805644557e-08,1.1296578190157681e-07
TOI-7149 b,TOI-7149,224.0,13.2,0.02603,2.65206166,0.078,0.344,0.351,3363.0,-1.91542,7.8,9.811309472384091e+40,9.808091550621448e+40,9.801725221386637e+40,7.703425560585144e-08,1.0833873387640457e-07
Kepler-426 b,Kepler-426,108.06,12.22,0.0414,3.21751883,0.18,0.91,0.92,5725.0,-0.089,6.0,9.895119196584512e+40,9.866027780359267e+40,9.729101219199918e+40,7.658188769955512e-08,1.077025368257675e-07
XO-3 b,XO-3,4217.582961,14.79585452,0.04815,3.19152309,0.2791,1.449,1.523,6970.0,0.69197,0.97,1.0365371920785495e+41,1.0315079441720952e+41,1.0162803913322576e+41,7.324800897414204e-08,1.0301386686760284e-07
HATS-76 b,HATS-76,835.570882,12.09449018,0.02658,1.9416423,0.062,0.662,0.6259,4016.0,-1.0381,4.6,1.0558713320660927e+41,1.054903595006468e+41,1.0523416452433599e+41,7.162351470719292e-08,1.0072922543520899e-07
HAT-P-62 b,HAT-P-62,241.8674177,12.02723629,0.03772,2.6453235,0.101,1.023,1.17,5629.0,0.09061,8.1,1.0658222137760752e+41,1.0592672539301625e+41,1.02626651011692e+41,7.132846113318806e-08,1.0031427068057428e-07
TOI-615 b,TOI-615,138.2553571,18.97680433,0.0678,4.6615983,0.39,1.449,1.732,6850.0,0.7679,1.7,1.0905973133632644e+41,1.086274805535593e+41,1.0601762775853899e+41,6.955505436247622e-08,9.782020303916293e-08
TOI-3682 b,TOI-3682,69.28659273,12.80065596,0.048,3.3462406,0.22,1.32,1.735,5703.0,0.45788,4.2,1.1021239042698964e+41,1.0968564037265487e+41,1.068709918787242e+41,6.888404251907242e-08,9.687651152220463e-08
HATS-60 b,HATS-60,210.40346,12.923977,0.04708,3.560829,0.191,1.097,1.46,5688.0,0.30016,7.55,1.1516551832361507e+41,1.1443984021665301e+41,1.1073853588035272e+41,6.60223773544047e-08,9.285194896519636e-08
TOI-5592 b,TOI-5592,285.7277379,17.14974047,0.03935,2.6085846,0.062,1.194,1.393,6237.0,0.4216,3.6,1.1562217919698844e+41,1.1460200671975746e+41,1.085849768313518e+41,6.592895300374401e-08,9.272055967890805e-08
TOI-2641 b,TOI-2641,122.6817651,18.10250383,0.0607,4.880974,0.18,1.16,1.336,6100.0,0.34044,10.8,1.4290944718940226e+41,1.415589088941477e+41,1.3471009316655727e+41,5.337417739501951e-08,7.506388885299743e-08
TOI-3856 b,TOI-3856,171.6273398,13.59649359,0.0325,2.04360352,0.083,1.096,1.055,5622.0,0.00087,2.6,1.509366073488158e+41,1.50644719842966e+41,1.491589209262009e+41,5.0155029150956565e-08,7.053657250289643e-08
HATS-54 b,HATS-54,241.5508,11.960003,0.03763,2.5441828,0.126,1.097,1.317,5702.0,0.21245,6.6,1.5772298845771012e+41,1.5704861705907106e+41,1.534835712392215e+41,4.810988123709325e-08,6.766033603075362e-08
HAT-P-66 b,HAT-P-66,248.86089,17.82231,0.04363,2.972086,0.09,1.255,1.881,6002.0,0.6149,4.66,1.998430538147797e+41,1.9805021352429337e+41,1.8735552106622044e+41,3.814987209915255e-08,5.365286921075944e-08
HATS-10 b,HATS-10,167.17858,10.861521,0.04491,3.312846,0.501,1.101,1.105,5880.0,0.117,3.3,2.0162596824681216e+41,2.0146108629790596e+41,2.006404393918634e+41,3.7503968900420745e-08,5.2744489760513825e-08
HATS-63 b,HATS-63,305.1168,13.529263,0.04026,3.0566527,0.136,0.931,1.07,5627.0,0.01199,10.3,2.1127483670846603e+41,2.1047450521395795e+41,2.066127780482444e+41,3.589788847576103e-08,5.048574501971185e-08
HATS-28 b,HATS-28,213.58176,13.383546,0.04131,3.1810781,0.202,0.929,0.922,5498.0,-0.15739,6.2,2.1484342080518413e+41,2.145210283142567e+41,2.1307727053442415e+41,3.522074443953014e-08,4.9533429365328604e-08
HATS-67 b,HATS-67,460.8535,18.887165,0.03032,1.6091788,0.057,1.435,1.441,6594.0,0.54654,0.51,2.3840640904383642e+41,2.3805774862654533e+41,2.3568875575869668e+41,3.173847672992374e-08,4.463606946082415e-08
TOI-4860 b,TOI-4860,212.9450327,8.47398941,0.01845,1.52275959,0.15,0.3357,0.348,3390.0,-1.83565,4.5,2.983107594837828e+41,2.982930274930609e+41,2.9825554101371273e+41,2.532942314696715e-08,3.5622563130910196e-08
HATS-27 b,HATS-27,168.4499,16.8135,0.0611,4.637038,0.581,1.415,1.74,6438.0,0.66932,2.3,3.142394131647646e+41,3.137713730112957e+41,3.1106882704323004e+41,2.407992240544406e-08,3.386530167300941e-08
HATS-62 b,HATS-62,56.89157,11.825495,0.04163,3.2768837,0.298,0.896,0.933,5416.0,-0.17328,9.55,3.3368823276518906e+41,3.333157682992341e+41,3.31672798949328e+41,2.2667965436242476e-08,3.1879566507163974e-08
TOI-564 b,TOI-564,464.98529,11.43318,0.02734,1.651144,0.072,0.998,1.088,5640.0,0.03262,7.3,3.8904798939752496e+41,3.8820830929617734e+41,3.836797871955403e+41,1.9462721776512075e-08,2.7371805159572166e-08
TOI-2714 b,TOI-2714,228.0,13.72,0.036,2.499387,0.164,1.07,1.25,5665.0,0.16017,5.5,5.482551100016492e+41,5.475330224753776e+41,5.437518825484411e+41,1.3799332652125867e-08,1.9406979610731586e-08
HATS-53 b,HATS-53,189.10885,15.02006,0.04753,3.8537768,0.33,0.964,1.101,5644.0,0.04532,9.0,5.669430987726758e+41,5.66257928963923e+41,5.630541168800423e+41,1.3343019017828217e-08,1.8765233403131535e-08
HATS-40 b,HATS-40,505.3497,17.71022,0.04997,3.2642736,0.312,1.561,2.26,6460.0,0.90309,2.07,6.129268727659342e+41,6.118553434527539e+41,6.048159808738496e+41,1.2348654622389633e-08,1.736678827289249e-08
HATS-70 b,HATS-70,4100.007,15.513256,0.03632,1.8882378,0.18,1.78,1.881,7930.0,1.07918,0.81,6.264726475826403e+41,6.2551321695987135e+41,6.1931827647170436e+41,1.2079025846781363e-08,1.698759021436246e-08
HATS-31 b,HATS-31,279.6904,18.38276,0.0478,3.37796,0.233,1.275,1.87,6050.0,0.61909,4.3,7.206966288144106e+41,7.191922588924578e+41,7.103839774822996e+41,1.0505661346796348e-08,1.477485619734794e-08
HATS-44 b,HATS-44,177.9848,11.960003,0.03649,2.7439004,0.279,0.86,0.847,5080.0,-0.39794,9.7,7.596488567839925e+41,7.593305986391327e+41,7.580236396661318e+41,9.950330368225282e-09,1.3993854880108443e-08
HATS-51 b,HATS-51,244.09344,15.80469,0.04639,3.3488702,0.33,1.187,1.44,5758.0,0.30963,4.74,7.764403302961649e+41,7.757318967515318e+41,7.720648926586636e+41,9.739950550959119e-09,1.3697982831284048e-08
HATS-9 b,HATS-9,266.02371,11.937585,0.03048,1.9153073,0.129,1.03,1.503,5366.0,0.23,10.8,1.0923823586645155e+42,1.0906791735379192e+42,1.0814154182318525e+42,6.927417794779192e-09,9.742518662856327e-09
HATS-26 b,HATS-26,206.5895,19.61575,0.04735,3.3023881,0.245,1.299,2.04,6071.0,0.70415,4.04,1.1609542688346586e+42,1.1590132575355922e+42,1.1472794116330487e+42,6.518985236827302e-09,9.168111006750568e-09
HATS-11 b,HATS-11,270.1555,16.92559,0.04614,3.6191613,0.34,1.0,1.444,6060.0,0.40312,7.7,1.2824172745159784e+42,1.2808489134167504e+42,1.2721986995329538e+42,5.8988927078109475e-09,8.296030930796065e-09
HAT-P-53 b,HAT-P-53,471.65972,14.773462,0.03159,1.9616241,0.134,1.093,1.209,5956.0,0.21748,4.67,1.3059197804092846e+42,1.304938462094492e+42,1.2993478759716775e+42,5.789997409559483e-09,8.142883754324082e-09
HATS-34 b,HATS-34,299.07803,16.02887,0.03166,2.1061607,0.108,0.955,0.98,5380.0,-0.14026,7.7,1.4736968119483598e+42,1.472730770472329e+42,1.468126002444056e+42,5.130326918299156e-09,7.2151423847645775e-09
HATS-32 b,HATS-32,292.4036,14.000041,0.04024,2.8126548,0.471,1.099,1.097,5700.0,0.0569,3.5,1.5194522787871262e+42,1.519134193978604e+42,1.5175684894399608e+42,4.973616119701443e-09,6.994748880974469e-09
HATS-42 b,HATS-42,597.5204,15.6926,0.03689,2.292102,0.229,1.273,1.48,6060.0,0.42488,3.26,1.6459360530212625e+42,1.6450461284448992e+42,1.6398148344056402e+42,4.592935228086353e-09,6.459370360287018e-09
HATS-15 b,HATS-15,689.6911,12.385945,0.02712,1.74748753,0.126,0.871,0.922,5311.0,-0.20412,11.0,2.001431888487976e+42,2.000463520768037e+42,1.995833981583198e+42,3.776919817193582e-09,5.311750048459905e-09
WASP-19 b,WASP-19,366.7739817,15.86070769,0.01652,0.78883852,0.0126,0.965,1.006,5616.0,-0.04335,6.4,2.1489549049515574e+42,2.146033412870721e+42,2.1281435312136718e+42,3.5207235217529204e-09,4.95144303888898e-09
TOI-1855 b,TOI-1855,360.0995851,18.49481816,0.02398,1.36414864,0.033,0.987,1.041,5359.0,-0.09474,8.2,2.622823574548126e+42,2.6203692391182458e+42,2.607536430865051e+42,2.8834067361071987e-09,4.055139269974612e-09
TOI-2886 b,TOI-2886,444.9597698,18.6405349,0.02871,1.60200105,0.11,1.229,1.241,6240.0,0.32222,1.7,2.8063240904721156e+42,2.805512504566992e+42,2.8004559369870996e+42,2.693123022215076e-09,3.787529795744725e-09
HATS-23 b,HATS-23,467.2101,20.84874,0.03397,2.1605156,0.114,1.121,1.199,5780.0,0.15534,4.2,2.932968443064235e+42,2.9315869862887316e+42,2.924148223140447e+42,2.577303812064847e-09,3.624645031199952e-09
HATS-69 b,HATS-69,183.38791,10.592505,0.03211,2.2252577,0.519,0.892,0.8785,5137.0,-0.31758,8.0,3.3697452230340256e+42,3.369439857353141e+42,3.368111336070234e+42,2.2423876475115155e-09,3.153628690001045e-09
HATS-35 b,HATS-35,388.38826,16.409976,0.03199,1.8209993,0.306,1.317,1.433,6300.0,0.46538,2.13,7.585161082950772e+42,7.584295084689918e+42,7.578780016690849e+42,9.962152356668956e-10,1.4010480980403906e-09
HATS-52 b,HATS-52,711.9392,15.490838,0.02498,1.36665436,0.246,1.111,1.046,6010.0,0.06819,1.2,8.653815319469601e+42,8.653504192825991e+42,8.651703523741601e+42,8.731249383833951e-10,1.2279374882826227e-09
HAT-P-23 b,HAT-P-23,664.237,15.334,0.0232,1.212884,0.106,1.13,1.203,5905.0,0.199,4.0,9.253915678138467e+42,9.252409864245036e+42,9.24313959738394e+42,8.166078271520837e-10,1.1484534688032796e-09
HAT-P-65 b,HAT-P-65,167.49641,21.18501,0.03951,2.6054552,0.304,1.212,1.86,5835.0,0.55509,5.46,1.1488268313694267e+43,1.1485095916398635e+43,1.1466302976233253e+43,6.578604454120085e-10,9.251957737862638e-10
TOI-519 b,TOI-519,147.1545524,11.54525012,0.0159,1.2652328,0.33,0.335,0.35,3322.0,-1.85078,5.4,2.3792410512775487e+43,2.3792362774156644e+43,2.379225362193526e+43,3.1756368154274095e-10,4.4661231439039146e-10
HATS-18 b,HATS-18,629.3034,14.986433,0.01761,0.8378434,0.166,1.037,1.02,5600.0,-0.03152,4.2,1.3529806017738383e+44,1.352964819424101e+44,1.3528702837959982e+44,5.5844691648211044e-11,7.853834815826851e-11
